(985) 937-2470,
(626) 446-9951,
(936) 652-8188,
(251) 361-6278,
(503) 335-3864,
(228) 760-7565,
(205) 293-8124,
(627) 364-4446,
(503) 402-5400,
(957) 549-1073,
(984) 968-8700,
(654) 838-5007,
(582) 911-2488,
(246) 522-6042,
(501) 752-8093,
(986) 660-6016,
(525) 837-1700,
(535) 950-2639,
(788) 756-7322,
(883) 821-8715,
(854) 252-4134,
(810) 268-5257,
(580) 685-3406,
(288) 974-9474,
(481) 447-4333,
(417) 403-2338,
(613) 394-8664,
(669) 953-7850,
(783) 578-6490,
(267) 749-9465,
(809) 944-4371,
(268) 791-7533,
(462) 315-1070,
(925) 952-2255,
(883) 928-8470,
(889) 359-2833,
(960) 519-3097,
(355) 792-5416,
(529) 709-9604,
(663) 898-2057,
(653) 871-6833,
(923) 740-1625,
(517) 800-9871,
(757) 265-6521,
(277) 805-1081,
(514) 355-9704,
(627) 595-9716,
(785) 619-5969,
(285) 501-1592,
(958) 869-3197,
(534) 272-1528,
(862) 959-5926,
(381) 380-5900,
(364) 926-4518,
(553) 954-8706,
(925) 600-1190,
(572) 915-9103,
(846) 326-4691,
(978) 240-5428,
(417) 955-4455,
(350) 611-1304,
(527) 969-6314,
(960) 471-2560,
(427) 473-9234,
(806) 366-7083,
(573) 988-2332,
(263) 293-8312,
(788) 668-5204,
(784) 477-4090,
(445) 991-1359,
(223) 991-4762,
(879) 247-3127,
(520) 837-8456,
(642) 691-1036,
(256) 926-2542,
(462) 912-2117,
(587) 999-9554,
(628) 907-2462,
(588) 321-3360,
(730) 343-9564,
(432) 702-1640,
(688) 320-8723,
(658) 463-5172,
(280) 573-9197,
(711) 267-3811,
(632) 365-9546,
(269) 578-8504,
(219) 545-8476,
(248) 499-5342,
(973) 693-7811,
(323) 209-7008,
(338) 391-7642,
(684) 534-1826,
(589) 403-2520,
(581) 214-6082,
(573) 529-4279,
(560) 951-5592,
(302) 312-3884,
(459) 756-3081,
(577) 782-6747,
(221) 567-7960,
(942) 405-2424,
(244) 801-4852,
(413) 285-4618,
(463) 460-7206,
(319) 311-6351,
(789) 886-9525,
(967) 263-4650,
(486) 778-5671,
(366) 204-4555,
(840) 349-1032,
(706) 613-3807,
(577) 723-8758,
(273) 677-5357,
(889) 528-8542,
(614) 505-1086,
(743) 899-5061,
(537) 892-7553,
(431) 374-7042,
(582) 266-1519,
(442) 250-8508,
(441) 816-7984,
(909) 416-5337,
(280) 578-2031,
(485) 912-4997,
(922) 990-8148,
(974) 707-7566,
(312) 850-2779,
(947) 454-5486,
(585) 534-7067,
(702) 435-6203,
(633) 570-2325,
(725) 290-5273,
(854) 339-8186,
(958) 868-2359,
(856) 960-5312,
(420) 749-4319,
(825) 675-7833,
(719) 361-6777,
(638) 669-3454,
(652) 684-9451,
(745) 328-6643,
(958) 580-6006,
(851) 392-9489,
(325) 936-4122,
(648) 898-8955,
(606) 487-8664,
(972) 995-6604,
(563) 646-2504,
(578) 655-4007,
(913) 994-4531,
(315) 477-6493,
(979) 244-1457,
(282) 257-8125,
(587) 693-7623,
(682) 235-7792,
(570) 736-5858,
(759) 675-6726,
(588) 459-3403,
(310) 539-5876,
(727) 642-9851,
(866) 990-3850,
(780) 929-6006,
(758) 824-6898,
(309) 808-9596,
(763) 284-8010,
(870) 592-1761,
(631) 280-3659,
(633) 553-5917,
(647) 419-3145,
(656) 463-1192,
(272) 445-9280,
(522) 955-7478,
(711) 769-5181,
(334) 674-4404,
(962) 634-2612,
(809) 363-4255,
(745) 770-2226,
(635) 382-2353,
(729) 793-6712,
(940) 775-7146,
(272) 603-6638,
(812) 444-8861,
(482) 444-3272,
(378) 809-6001,
(404) 828-6201,
(504) 642-8685,
(889) 451-8961,
(809) 426-7376,
(436) 519-1479,
(463) 964-3876,
(767) 571-2286,
(865) 993-9329,
(729) 418-5464,
(513) 897-1341,
(933) 868-6187,
(839) 570-2083,
(582) 586-5796,
(215) 778-3692,
(315) 847-5602,
(807) 465-4650,
(367) 285-2554,
(750) 939-9160,
(363) 945-3143,
(949) 886-9556,
(337) 308-5211,
(575) 714-2864,
(721) 358-3070,
(651) 852-7869,
(736) 254-5712,
(961) 596-9062,
(686) 974-9315,
(858) 881-9026,
(889) 295-8289,
(719) 293-4619,
(537) 757-2628,
(416) 548-8329,
(746) 973-6167,
(462) 694-4842,
(745) 728-8980,
(253) 871-8540,
(474) 580-2382,
(707) 906-5381,
(907) 691-6976,
(408) 399-3048,
(762) 887-3647,
(989) 628-9464,
(747) 754-6165,
(814) 508-1554,
(516) 482-5012,
(451) 448-7034,
(754) 521-4625,
(383) 447-9566,
(825) 749-2219,
(805) 417-1268,
(285) 620-7387,
(836) 746-9882,
(245) 353-8584,
(502) 408-9514,
(721) 825-1814,
(559) 591-2942,
(453) 532-3368,
(483) 583-4078,
(528) 629-2933,
(584) 380-7881,
(817) 840-9118,
(776) 381-5770,
(332) 442-7573,
(843) 462-2087,
(471) 780-9764,
(440) 708-5710,
(760) 417-6834,
(280) 669-7969,
(672) 885-5407,
(502) 301-8531,
(331) 684-3776,
(801) 989-7370,
(644) 529-9155,
(526) 549-7443,
(470) 356-3798,
(841) 231-3104,
(933) 751-6311,
(425) 820-6475,
(978) 830-6892,
(306) 931-5427,
(327) 761-6518,
(672) 783-4584,
(253) 344-2586,
(774) 220-5555,
(674) 446-2085,
(910) 318-5383,
(402) 244-1435,
(208) 466-3289,
(971) 581-5750,
(583) 695-6327,
(261) 389-2867,
(402) 268-9162,
(759) 665-5769,
(976) 312-5496,
(549) 408-7231,
(747) 915-1879,
(329) 371-1345,
(671) 921-5087,
(351) 526-2368,
(288) 885-6133,
(556) 206-7483,
(484) 824-8455,
(757) 295-7809,
(378) 331-3641,
(488) 943-4362,
(402) 879-3287,
(955) 673-5403,
(632) 555-8064,
(582) 933-8870,
(208) 609-1057,
(833) 664-4028,
(741) 751-6429,
(308) 790-6169,
(720) 219-2977,
(643) 481-6927,
(701) 405-2911,
(953) 353-7386,
(658) 730-9848,
(914) 285-2366,
(824) 980-1269,
(588) 278-3506,
(922) 446-7161,
(387) 901-8906,
(313) 202-3981,
(353) 634-8673,
(342) 556-7625,
(961) 238-5559,
(327) 969-6495,
(569) 804-6708,
(556) 557-3086,
(508) 784-3215,
(216) 728-7887,
(471) 607-6281,
(579) 366-7210,
(686) 222-7641,
(365) 983-4735,
(927) 978-2814,
(920) 805-1167,
(933) 874-3903,
(282) 392-6635,
(908) 333-4668,
(576) 966-1432,
(472) 905-7023,
(774) 227-7540,
(417) 997-5355,
(360) 430-5235,
(841) 526-3722,
(821) 400-5205,
(712) 702-3857,
(965) 965-1780,
(379) 941-3413,
(476) 340-5838,
(587) 609-4768,
(386) 695-5936,
(248) 267-9263,
(638) 307-3879,
(319) 785-6652,
(315) 653-5120,
(265) 349-2272,
(729) 801-5474,
(402) 432-8540,
(673) 329-5414,
(280) 444-4660,
(529) 661-6003,
(633) 611-8373,
(688) 618-8585,
(471) 684-2923,
(777) 261-3967,
(961) 338-3028,
(282) 402-8073,
(332) 341-2300,
(955) 567-7221,
(536) 901-6912,
(714) 915-1961,
(524) 960-9694,
(828) 455-2508,
(373) 201-4908,
(918) 533-5141,
(719) 679-9670,
(840) 666-5694,
(476) 994-7249,
(620) 298-8955,
(979) 388-8954,
(832) 222-8018,
(577) 775-8496,
(349) 520-6214,
(975) 836-1979,
(925) 724-7735,
(289) 270-4016,
(724) 537-5337,
(854) 574-7769,
(861) 484-5859,
(322) 620-8630,
(431) 431-3463,
(568) 892-7224,
(941) 649-9314,
(658) 607-1195,
(841) 369-8318,
(227) 529-8475,
(327) 761-1430,
(534) 861-3941,
(557) 218-6152,
(740) 876-4735,
(770) 611-4523,
(866) 274-8512,
(564) 473-2405,
(710) 436-2131,
(740) 744-8347,
(940) 995-2759,
(366) 323-4399,
(744) 632-3568,
(335) 944-2716,
(841) 797-2870,
(354) 364-8773,
(283) 873-8237,
(602) 775-6654,
(718) 926-2112,
(616) 204-4896,
(965) 862-4421,
(685) 709-7976,
(926) 554-7407,
(459) 906-5014,
(802) 563-7032,
(876) 474-6915,
(243) 446-1334,
(273) 425-3970,
(788) 377-5455,
(384) 594-8894,
(458) 586-2517,
(638) 790-4355,
(532) 525-7648,
(200) 318-6915,
(381) 721-5740,
(451) 508-5162,
(301) 470-7989,
(603) 607-3208,
(330) 485-6001,
(413) 590-4714,
(568) 938-2571,
(354) 621-8655,
(552) 354-8852,
(531) 821-6488,
(739) 348-5757,
(940) 614-4268,
(839) 976-9119,
(723) 274-6909,
(573) 953-5559,
(373) 498-9332,
(524) 466-6958,
(330) 472-9067,
(406) 547-7882,
(971) 407-6512,
(470) 572-3691,
(238) 370-1843,
(804) 734-9706,
(761) 331-1301,
(651) 220-9320,
(975) 651-3898,
(256) 282-5670,
(277) 901-7959,
(560) 684-3232,
(789) 781-9809,
(404) 826-8554,
(340) 226-7231,
(847) 476-9427,
(225) 213-6434,
(581) 687-7235,
(236) 583-8166,
(614) 471-5985,
(501) 721-8831,
(502) 889-9121,
(418) 780-3483,
(747) 684-2029,
(644) 552-1052,
(858) 687-8392,
(783) 323-3765,
(338) 427-8424,
(319) 696-2637,
(478) 378-7757,
(305) 389-9632,
(758) 444-6464,
(957) 641-5979,
(717) 256-9337,
(660) 712-4048,
(678) 488-1065,
(380) 684-2441,
(419) 243-8231,
(303) 316-3366,
(471) 901-1186,
(530) 734-6032,
(389) 417-7131,
(422) 763-9038,
(770) 947-5569,
(856) 681-9236,
(869) 276-9792,
(453) 821-6473,
(349) 412-5590,
(714) 254-2741,
(332) 952-7082,
(439) 424-6748,
(561) 748-9414,
(684) 372-3288,
(403) 560-1104,
(685) 711-5213,
(538) 929-5871,
(838) 750-5138,
(706) 425-1883,
(403) 845-8346,
(566) 814-8400,
(707) 347-6806,
(668) 693-4392,
(278) 477-2940,
(625) 349-1722,
(439) 793-2951,
(443) 470-2930,
(466) 320-3364,
(541) 924-9883,
(230) 949-9383,
(944) 748-5919,
(449) 895-9764,
(847) 687-1117,
(560) 746-8839,
(263) 415-4733,
(923) 726-6391,
(930) 937-8850,
(806) 908-4264,
(603) 740-5348,
(668) 874-4198,
(342) 492-8846,
(314) 512-4961,
(801) 695-7555,
(275) 362-9017,
(507) 454-5770,
(743) 206-9153,
(538) 559-5797,
(989) 286-2071,
(862) 210-5210,
(767) 408-5157,
(873) 313-8268,
(336) 426-2229,
(642) 666-8592,
(330) 686-9651,
(380) 760-6703,
(619) 723-9607,
(972) 683-7885,
(982) 924-5725,
(775) 883-3679,
(550) 826-5836,
(455) 905-8549,
(558) 415-1704,
(956) 541-8888,
(417) 595-3644,
(519) 978-3697,
(910) 244-8027,
(683) 755-5972,
(877) 593-8808,
(632) 852-5224,
(412) 560-2889,
(500) 795-8991,
(824) 772-5345,
(734) 845-6501,
(688) 685-7549,
(808) 663-9173,
(801) 558-8815,
(814) 281-3631,
(687) 244-1736,
(802) 448-2703,
(438) 635-2040,
(226) 708-2689,
(676) 614-7129,
(733) 283-5645,
(613) 613-7497,
(636) 881-2520,
(777) 831-8432,
(871) 910-4197,
(708) 998-8486,
(786) 708-5695,
(838) 320-4410,
(859) 284-9763,
(969) 563-5659,
(455) 582-6352,
(749) 281-8481,
(485) 829-4444,
(304) 553-2658,
(274) 470-7838,
(359) 410-4171,
(976) 720-5533,
(720) 320-2889,
(449) 517-1935,
(776) 744-2717,
(954) 826-4986,
(810) 310-4725,
(837) 268-2007,
(826) 799-4962,
(354) 302-5494,
(269) 921-1018,
(429) 871-7812,
(246) 534-3342,
(787) 735-4172,
(310) 618-4626,
(855) 690-5002,
(800) 477-8088,
(914) 448-7113,
(547) 801-9315,
(481) 373-2799,
(561) 201-5454,
(489) 462-1650,
(663) 594-1908,
(905) 747-3103,
(985) 982-9966,
(386) 409-1945,
(246) 265-5010,
(962) 929-5936,
(245) 825-8104,
(404) 796-1274,
(984) 595-9829,
(575) 563-2563,
(564) 521-8922,
(262) 522-5392,
(224) 636-3792,
(487) 534-6626,
(918) 359-8458,
(726) 663-5275,
(539) 705-3494,
(725) 947-2980,
(486) 333-8255,
(329) 597-1223,
(382) 651-7908,
(525) 337-5862,
(785) 290-6137,
(284) 390-2542,
(643) 400-4859,
(883) 532-6489,
(771) 923-7679,
(539) 898-2872,
(318) 941-1110,
(201) 368-1249,
(866) 475-3381,
(964) 725-7071,
(803) 426-7001,
(274) 314-7365,
(809) 314-9235,
(633) 468-8771,
(222) 431-1184,
(864) 771-7014,
(779) 420-8866,
(249) 598-5969,
(569) 980-8849,
(358) 698-2274,
(430) 317-9629,
(235) 709-8137,
(555) 802-5281,
(567) 943-2089,
(450) 890-5646,
(827) 643-5148,
(805) 685-6857,
(273) 234-8581,
(342) 482-7072,
(356) 577-5753,
(967) 463-1485,
(917) 476-7846,
(867) 985-6079,
(627) 795-3892,
(909) 812-5555,
(220) 261-4225,
(667) 480-6201,
(982) 881-3198,
(841) 771-6961,
(985) 215-7828,
(211) 862-4498,
(763) 222-3258,
(566) 784-3735,
(858) 281-8651,
(351) 504-1043,
(835) 663-5906,
(687) 203-8094,
(757) 812-1179,
(429) 644-2444,
(580) 970-4466,
(215) 898-5412,
(636) 810-4080,
(985) 863-3855,
(701) 331-4082,
(924) 807-5138,
(711) 663-5559,
(316) 459-5132,
(776) 898-7455,
(634) 927-2150,
(861) 796-7223,
(528) 834-9850,
(234) 702-4343,
(423) 555-1830,
(388) 445-3144,
(450) 713-3057,
(252) 602-4884,
(277) 254-5066,
(701) 938-8411,
(955) 986-6923,
(713) 713-4049,
(384) 839-6549,
(363) 536-8153,
(207) 278-7573,
(746) 464-1325,
(318) 608-4511,
(386) 228-4055,
(943) 213-8893,
(268) 928-9000,
(471) 778-5070,
(557) 922-9043,
(513) 692-2554,
(982) 654-4278,
(865) 853-1670,
(942) 763-2645,
(930) 583-8240,
(556) 416-9709,
(917) 369-5579,
(243) 867-2448,
(711) 418-1681,
(446) 915-7214,
(657) 463-4022,
(816) 218-5040,
(441) 365-1030,
(713) 995-3845,
(460) 457-2759,
(202) 538-4949,
(651) 710-2814,
(600) 504-4157,
(908) 408-6563,
(910) 440-5440,
(457) 511-1138,
(613) 726-6763,
(981) 751-1239,
(926) 276-2292,
(371) 899-6353,
(415) 749-8714,
(226) 922-8255,
(250) 978-9015,
(507) 537-8669,
(388) 642-8688,
(332) 461-4195,
(203) 351-8012,
(327) 536-8371,
(560) 215-1459,
(953) 393-2317,
(632) 975-8283,
(718) 822-3778,
(960) 443-9367,
(311) 525-8318,
(474) 507-2507,
(703) 204-3122,
(988) 810-8531,
(689) 475-9120,
(902) 571-8929,
(739) 459-1850,
(385) 698-3150,
(202) 644-3298,
(558) 767-6337,
(766) 364-4824,
(713) 302-2837,
(612) 923-1257,
(740) 996-5396,
(233) 354-8461,
(314) 686-4185,
(284) 392-5639,
(281) 844-6833,
(514) 359-6793,
(480) 577-1712,
(633) 671-2449,
(689) 997-8774,
(275) 498-4028,
(507) 619-5468,
(528) 677-9064,
(963) 526-5601,
(770) 604-7593,
(839) 812-5224,
(632) 699-3054,
(900) 796-6390,
(473) 696-3864,
(716) 392-2960,
(460) 348-7505,
(417) 267-8825,
(729) 757-2619,
(664) 516-8812,
(471) 353-1172,
(655) 858-1608,
(429) 203-4316,
(661) 671-9091,
(337) 501-6121,
(619) 467-9414,
(432) 416-8140,
(555) 606-2813,
(201) 711-7664,
(316) 504-4612,
(549) 333-2714,
(452) 722-9744,
(513) 675-9316,
(954) 337-3687,
(877) 415-6984,
(817) 565-4042,
(861) 608-8025,
(788) 301-4228,
(769) 580-3192,
(680) 771-7928,
(586) 737-2336,
(927) 413-4936,
(605) 538-9615,
(689) 618-8714,
(260) 352-9165,
(833) 929-7734,
(251) 573-5627,
(233) 526-1080,
(441) 391-6006,
(905) 921-7854,
(443) 259-1262,
(514) 700-4064,
(236) 985-3733,
(766) 536-7600,
(353) 888-7891,
(988) 377-5881,
(531) 712-8406,
(569) 976-8426,
(881) 560-7442,
(936) 223-4979,
(587) 965-9221,
(970) 665-9776,
(243) 293-6881,
(710) 857-8024,
(335) 219-2100,
(824) 539-3360,
(632) 901-2389,
(778) 590-7439,
(839) 814-3475,
(947) 450-5714,
(328) 238-1949,
(451) 738-4197,
(857) 438-6233,
(788) 308-4644,
(541) 381-1237,
(754) 632-5982,
(478) 590-6822,
(232) 715-6362,
(263) 687-3821,
(947) 658-6093,
(935) 439-9801,
(961) 837-7671,
(487) 682-3566,
(407) 826-1758,
(724) 516-9726,
(589) 289-1506,
(547) 653-8730,
(652) 332-6787,
(924) 660-1650,
(477) 875-6594,
(904) 643-9751,
(639) 536-8899,
(984) 897-1807,
(851) 386-7250,
(540) 332-3356,
(274) 564-3072,
(937) 974-6465,
(200) 993-6402,
(964) 264-5023,
(440) 231-3689,
(970) 800-5143,
(558) 211-7649,
(935) 691-8321,
(430) 285-4884,
(954) 552-2529,
(508) 898-3902,
(539) 980-7614,
(878) 817-5512,
(722) 734-5785,
(815) 775-7491,
(236) 339-4194,
(457) 579-8156,
(287) 416-4258,
(860) 426-3441,
(885) 804-6028,
(226) 772-1812,
(472) 224-1528,
(626) 348-8740,
(326) 780-9815,
(423) 590-4765,
(642) 289-7447,
(226) 679-5698,
(988) 918-6596,
(488) 600-4937,
(910) 984-9240,
(267) 998-3232,
(446) 842-5943,
(910) 885-8660,
(311) 334-5050,
(258) 608-7172,
(708) 835-3798,
(572) 218-6052,
(684) 741-2951,
(232) 656-5000,
(311) 665-8070,
(442) 456-5217,
(879) 215-1811,
(736) 301-7222,
(855) 637-5492,
(732) 910-4674,
(607) 435-8255,
(844) 279-9806,
(225) 476-8000,
(961) 647-1365,
(863) 930-2235,
(837) 210-5052,
(341) 272-4423,
(427) 558-7470,
(867) 735-1888,
(226) 452-5106,
(678) 746-5701,
(246) 313-5817,
(212) 822-9626,
(765) 551-6486,
(580) 471-1867,
(422) 953-7316,
(284) 893-3771,
(266) 476-7168,
(449) 933-3662,
(573) 840-8298,
(209) 816-5847,
(329) 281-3080,
(863) 893-8390,
(458) 412-2312,
(568) 392-9750,
(985) 334-2837,
(971) 308-1080,
(730) 437-8522,
(853) 827-2289,
(625) 341-9033,
(607) 456-3523,
(833) 906-4160,
(570) 659-2506,
(540) 966-1135,
(911) 348-2339,
(937) 330-2203,
(621) 425-5729,
(743) 932-6471,
(753) 294-8480,
(744) 493-3347,
(943) 713-5559,
(451) 346-3017,
(277) 772-8153,
(338) 576-5688,
(626) 814-3666,
(658) 901-1659,
(619) 581-7302,
(959) 231-4890,
(323) 818-6201,
(345) 812-8127,
(362) 735-1189,
(685) 478-5971,
(649) 773-7638,
(854) 710-2792,
(886) 597-6063,
(552) 819-6476,
(288) 997-2064,
(862) 260-7759,
(450) 873-8776,
(226) 780-7613,
(646) 364-9838,
(606) 866-8260,
(636) 733-1575,
(738) 209-3758,
(449) 894-5440,
(821) 366-3245,
(310) 646-1459,
(842) 266-8867,
(807) 248-7470,
(506) 683-7621,
(216) 353-3162,
(479) 808-9397,
(555) 347-9228,
(434) 531-7673,
(662) 542-8419,
(442) 730-3892,
(718) 976-2688,
(957) 400-6321,
(249) 585-1964,
(300) 850-2422,
(818) 880-8865,
(545) 278-4264,
(539) 517-9640,
(626) 790-3474,
(751) 367-5439,
(415) 359-4283,
(848) 859-6703,
(423) 314-7550,
(460) 267-2665,
(615) 802-5254,
(527) 773-4239,
(303) 445-7703,
(539) 558-1552,
(523) 321-6897,
(603) 415-6166,
(859) 819-2444,
(531) 425-2222,
(471) 970-8642,
(660) 411-7030,
(855) 480-3137,
(980) 649-3850,
(966) 414-2962,
(756) 327-9469,
(872) 515-1922,
(666) 945-2786,
(215) 459-5631,
(746) 297-3343,
(560) 354-5302,
(807) 329-4536,
(308) 343-8235,
(510) 337-4949,
(489) 275-1944,
(353) 558-9393,
(814) 692-1466,
(408) 607-7925,
(945) 792-9679,
(626) 453-8380,
(669) 305-5465,
(561) 620-2905,
(618) 276-5775,
(304) 280-5260,
(424) 240-5195,
(489) 819-8568,
(973) 322-4605,
(655) 491-3826,
(744) 851-8826,
(437) 316-5836,
(256) 930-1430,
(282) 295-6364,
(834) 871-3553,
(416) 614-7874,
(408) 993-3813,
(833) 379-8479,
(561) 599-9719,
(701) 568-3753,
(834) 773-6246,
(250) 322-2251,
(968) 790-3547,
(500) 265-7452,
(345) 740-8642,
(222) 507-6955,
(642) 493-3736,
(639) 263-9815,
(986) 406-7760,
(280) 814-8275,
(708) 350-9429,
(861) 300-9240,
(615) 509-7323,
(512) 841-8350,
(508) 521-6106,
(910) 406-5362,
(857) 645-8527,
(758) 342-7976,
(685) 266-1215,
(544) 965-4374,
(319) 914-8327,
(751) 840-3558,
(974) 918-6343,
(667) 331-3153,
(278) 677-6971,
(618) 522-7208,
(379) 331-2324,
(473) 392-6635,
(301) 538-3956,
(953) 202-5023,
(584) 572-7538,
(566) 925-1670,
(976) 950-8938,
(955) 820-5804,
(518) 938-5721,
(203) 936-4224,
(683) 450-2018,
(934) 885-3492,
(288) 725-1519,
(587) 442-3215,
(521) 651-9701,
(847) 990-6058,
(435) 802-5122,
(754) 266-5763,
(532) 486-4486,
(979) 975-3291,
(961) 556-4966,
(629) 608-9136,
(488) 605-6836,
(523) 560-8874,
(637) 344-9472,
(624) 901-3801,
(667) 465-7012,
(240) 814-4660,
(878) 495-8865,
(581) 370-3274,
(674) 335-4512,
(930) 202-2373,
(763) 811-4320,
(777) 647-3604,
(488) 695-1115,
(246) 629-4089,
(663) 440-1632,
(870) 878-1473,
(456) 773-5709,
(454) 941-9735,
(289) 326-7989,
(261) 326-2493,
(567) 701-8994,
(279) 554-2611,
(385) 347-1581,
(312) 420-2792,
(358) 811-4849,
(753) 557-8522,
(955) 203-4871,
(958) 381-5245,
(976) 709-9927,
(230) 762-7778,
(328) 697-7573,
(555) 727-7836,
(870) 983-6363,
(515) 383-6974,
(859) 986-1697,
(705) 991-9942,
(347) 471-6135,
(229) 804-2448,
(226) 364-5588,
(239) 505-5761,
(877) 234-5491,
(353) 417-8541,
(569) 818-7104,
(611) 729-1248,
(238) 862-3574,
(640) 574-4388,
(635) 723-9031,
(981) 883-2001,
(618) 958-2480,
(907) 452-5312,
(667) 352-3331,
(385) 381-4301,
(956) 254-9365,
(617) 948-1284,
(503) 381-6976,
(654) 671-9615,
(239) 553-7599,
(476) 437-1964,
(380) 341-9423,
(642) 629-6539,
(739) 458-9464,
(771) 982-6070,
(376) 893-2688,
(257) 706-8656,
(586) 670-5480,
(336) 755-4100,
(333) 829-7325,
(362) 861-9920,
(668) 275-7683,
(307) 815-1029,
(455) 346-8746,
(631) 937-6917,
(272) 954-3048,
(242) 238-6326,
(357) 960-4857,
(537) 750-9856,
(607) 471-8152,
(206) 806-3966,
(558) 502-8784,
(972) 816-6477,
(418) 989-1902,
(887) 930-9535,
(625) 599-8245,
(338) 471-3771,
(533) 518-2745,
(772) 874-5008,
(907) 256-8159,
(568) 427-4070,
(740) 634-7789,
(915) 532-1407,
(635) 457-6540,
(783) 707-3170,
(984) 406-1400,
(771) 491-2274,
(322) 750-9527,
(546) 720-3890,
(566) 587-7397,
(388) 595-6259,
(950) 522-7140,
(903) 411-2269,
(977) 846-6456,
(833) 313-4402,
(648) 672-6523,
(541) 223-2668,
(576) 252-7565,
(444) 754-7777,
(531) 977-6508,
(388) 654-5968,
(212) 491-3621,
(787) 609-4852,
(863) 296-5408,
(386) 988-2718,
(629) 547-8203,
(230) 952-3775,
(530) 758-7221,
(976) 789-3143,
(343) 902-6233,
(815) 208-1382,
(458) 875-4841,
(531) 352-6787,
(258) 939-3216,
(586) 281-1384,
(827) 752-9594,
(308) 973-9796,
(638) 542-3437,
(834) 206-6776,
(388) 651-5834,
(818) 960-2694,
(444) 687-1134,
(756) 459-2055,
(549) 359-2634,
(632) 867-5807,
(663) 717-7884,
(755) 250-5024,
(306) 496-5812,
(317) 835-3925,
(325) 661-9818,
(334) 795-1254,
(245) 571-1810,
(943) 986-5629,
(477) 378-7403,
(677) 762-5059,
(735) 614-4687,
(939) 838-2030,
(228) 926-6837,
(673) 919-9079,
(217) 459-8292,
(754) 611-8011,
(770) 257-3406,
(759) 820-9623,
(328) 312-9448,
(655) 829-3925,
(676) 292-6861,
(806) 562-5213,
(369) 304-5406,
(572) 959-9268,
(233) 481-2871,
(319) 818-6406,
(629) 476-1570,
(416) 716-3768,
(537) 341-1103,
(254) 978-9587,
(508) 746-1083,
(329) 864-8747,
(957) 406-5562,
(403) 315-4464,
(962) 409-6775,
(724) 513-9950,
(961) 223-9348,
(268) 668-4198,
(556) 503-5120,
(571) 669-2906,
(620) 349-5810,
(675) 601-2409,
(977) 832-2037,
(780) 540-1014,
(961) 477-1623,
(809) 212-3481,
(559) 855-1155,
(856) 755-1541,
(525) 920-9042,
(421) 547-3075,
(289) 734-2926,
(861) 209-7984,
(235) 536-6981,
(861) 736-6724,
(465) 647-3127,
(568) 690-7152,
(643) 780-3092,
(244) 207-9120,
(984) 277-1516,
(742) 401-9053,
(346) 939-9638,
(966) 516-8253,
(953) 735-2354,
(230) 214-4287,
(413) 966-9791,
(877) 796-9415,
(613) 684-8864,
(754) 993-9109,
(485) 473-8308,
(214) 544-1359,
(665) 599-8497,
(840) 743-9768,
(443) 443-4856,
(463) 598-3094,
(687) 696-1770,
(250) 569-1472,
(333) 658-4034,
(748) 371-1334,
(901) 390-6879,
(330) 863-7053,
(816) 438-5366,
(876) 852-9494,
(544) 885-3726,
(359) 699-8711,
(962) 791-8078,
(613) 635-6243,
(214) 645-2137,
(366) 648-7902,
(973) 603-4984,
(986) 778-9452,
(507) 409-2604,
(249) 632-4671,
(389) 816-2180,
(963) 539-1303,
(204) 304-9286,
(279) 955-9605,
(414) 904-1291,
(450) 967-5889,
(235) 446-6140,
(410) 274-8405,
(533) 337-2869,
(976) 694-7628,
(838) 774-8667,
(366) 643-4615,
(570) 418-8206,
(374) 229-5964,
(342) 281-9597,
(489) 473-7451,
(479) 757-6069,
(763) 310-9897,
(746) 754-5316,
(962) 684-8310,
(607) 323-5264,
(442) 387-9491,
(351) 687-4158,
(840) 933-5951,
(383) 204-1998,
(532) 635-7394,
(345) 790-2698,
(233) 987-7400,
(562) 485-9168,
(233) 951-7822,
(338) 601-1043,
(318) 420-8531,
(342) 368-8156,
(727) 746-5762,
(211) 249-5298,
(736) 203-8897,
(844) 255-2915,
(679) 447-9051,
(863) 725-3867,
(501) 477-3529,
(360) 944-8685,
(701) 383-2318,
(650) 300-6889,
(684) 953-2475,
(657) 830-7629,
(879) 431-7108,
(871) 716-2279,
(384) 972-3544,
(730) 240-7159,
(926) 222-7602,
(965) 309-1174,
(404) 319-4071,
(776) 258-8221,
(982) 806-2544,
(904) 431-1930,
(638) 903-1704,
(968) 362-2571,
(201) 460-1271,
(240) 772-5430,
(830) 947-6605,
(837) 957-9186,
(888) 960-8060,
(936) 313-5683,
(779) 212-9675,
(466) 272-8455,
(740) 914-5805,
(335) 844-7781,
(410) 506-4166,
(467) 560-5058,
(319) 497-6807,
(573) 954-5510,
(907) 804-3061,
(715) 679-9915,
(881) 693-6324,
(782) 816-8193,
(486) 392-1676,
(450) 830-5639,
(508) 998-7635,
(331) 554-8413,
(541) 940-6261,
(381) 829-7072,
(989) 346-3135,
(620) 581-4499,
(683) 457-9062,
(769) 797-1547,
(237) 201-1690,
(760) 375-4824,
(937) 678-6380,
(709) 630-2244,
(315) 848-5965,
(327) 779-9703,
(411) 914-1037,
(713) 293-9600,
(505) 821-5531,
(628) 804-4243,
(424) 295-2291,
(318) 614-6907,
(269) 959-4328,
(371) 629-7579,
(941) 668-9690,
(478) 352-5683,
(220) 327-8153,
(685) 245-2964,
(214) 741-7175,
(945) 867-6980,
(444) 742-7724,
(882) 941-9197,
(361) 671-9145,
(611) 900-2254,
(520) 817-3792,
(882) 425-1455,
(703) 925-2472,
(869) 556-9414,
(687) 991-1235,
(574) 506-9985,
(973) 511-5215,
(679) 578-1677,
(328) 444-7619,
(723) 612-3571,
(524) 739-1370,
(380) 881-5514,
(335) 986-7022,
(879) 857-8071,
(908) 635-8225,
(802) 452-1583,
(521) 963-6732,
(685) 299-2258,
(641) 792-6903,
(437) 394-7510,
(869) 903-8113,
(903) 669-1131,
(445) 361-5306,
(655) 647-3808,
(725) 639-8043,
(272) 916-5110,
(536) 344-8807,
(872) 794-5535,
(571) 231-3048,
(947) 428-9551,
(763) 900-5841,
(545) 840-5816,
(461) 330-7899,
(307) 703-6944,
(820) 916-5004,
(514) 745-9078,
(784) 625-8076,
(905) 651-9690,
(541) 630-9900,
(505) 644-7003,
(880) 818-9566,
(277) 634-7724,
(851) 278-8485,
(539) 227-6523,
(716) 949-3665,
(772) 888-7993,
(766) 252-3062,
(726) 474-2235,
(812) 738-7502,
(281) 968-9676,
(451) 990-8462,
(646) 876-3141,
(717) 302-5163,
(638) 969-8174,
(319) 721-6258,
(864) 971-7713,
(467) 304-2775,
(385) 315-7459,
(689) 908-7337,
(906) 210-9156,
(281) 298-2392,
(215) 538-1646,
(756) 527-7558,
(264) 299-5337,
(446) 756-1209,
(341) 255-3714,
(624) 520-4630,
(478) 528-6861,
(740) 962-2804,
(719) 702-4942,
(605) 362-5014,
(486) 323-4656,
(726) 982-2795,
(442) 648-5140,
(575) 727-4004,
(234) 509-3241,
(864) 334-7572,
(635) 810-5895,
(604) 419-2676,
(358) 329-5101,
(540) 965-4665,
(631) 954-5245,
(859) 972-9072,
(876) 756-5524,
(721) 508-9507,
(706) 222-3449,
(289) 689-3570,
(922) 406-5557,
(653) 232-8253,
(313) 294-6407,
(307) 892-8786,
(702) 428-2339,
(854) 684-5409,
(352) 556-8351,
(286) 290-5796,
(624) 265-8086,
(449) 374-7603,
(234) 800-8726,
(876) 282-3327,
(577) 874-1944,
(479) 526-1814,
(345) 305-1472,
(810) 846-2715,
(418) 617-5833,
(732) 819-2798,
(518) 597-4773,
(543) 774-1747,
(486) 417-6784,
(945) 458-3817,
(943) 670-8079,
(584) 854-3499,
(753) 567-6489,
(655) 989-5320,
(977) 363-9503,
(435) 914-7979,
(742) 627-1478,
(645) 546-2952,
(540) 462-8088,
(589) 566-8152,
(638) 337-5822,
(421) 989-9186,
(784) 524-2231,
(201) 350-4226,
(710) 641-3094,
(483) 210-7549,
(403) 456-5516,
(786) 486-7493,
(253) 628-5277,
(709) 270-6518,
(418) 758-8408,
(870) 808-3272,
(917) 792-4568,
(861) 338-8382,
(867) 462-9569,
(575) 626-3660,
(345) 515-7832,
(548) 810-7965,
(279) 687-1701,
(664) 696-5637,
(331) 577-1537,
(282) 587-4518,
(386) 763-1534,
(406) 228-2180,
(732) 656-4062,
(421) 932-5915,
(689) 232-6253,
(662) 829-5065,
(520) 247-5242,
(834) 555-6241,
(371) 855-1855,
(576) 536-3904,
(334) 367-2211,
(838) 263-3174,
(255) 600-9850,
(536) 768-3697,
(628) 969-4807,
(341) 807-5737,
(487) 819-7158,
(906) 278-3084,
(378) 982-8585,
(214) 614-6302,
(365) 939-8092,
(240) 438-8476,
(819) 415-2931,
(778) 349-5574,
(772) 655-1577,
(653) 291-6129,
(631) 261-6552,
(956) 713-1334,
(838) 298-3655,
(517) 509-8604,
(478) 770-3424,
(483) 378-3241,
(480) 472-1379,
(970) 624-7529,
(561) 880-8622,
(517) 371-1673,
(501) 447-8802,
(255) 953-4493,
(406) 433-7135,
(520) 891-6522,
(271) 784-7371,
(556) 617-4649,
(237) 826-2878,
(754) 555-8175,
(576) 627-7367,
(381) 775-3940,
(626) 325-9189,
(783) 523-3154,
(636) 896-3575,
(764) 637-9031,
(364) 321-9431,
(611) 711-2106,
(879) 684-5332,
(365) 895-7162,
(434) 567-2433,
(555) 252-1351,
(989) 231-2671,
(339) 891-3185,
(210) 783-2347,
(530) 449-1343,
(522) 446-7913,
(908) 710-5227,
(566) 849-8105,
(643) 836-6924,
(380) 693-1508,
(706) 714-8489,
(452) 764-4347,
(649) 312-7762,
(854) 736-1722,
(223) 603-9738,
(623) 874-2909,
(256) 962-7996,
(708) 735-9453,
(657) 793-5967,
(253) 555-7042,
(500) 472-1843,
(780) 631-4401,
(450) 814-1659,
(466) 439-4669,
(230) 525-8839,
(412) 786-2471,
(338) 660-1793,
(935) 625-1830,
(650) 430-9746,
(889) 380-1265,
(850) 979-3735,
(437) 943-7517,
(331) 892-3792,
(221) 348-7616,
(889) 271-6087,
(231) 499-4859,
(329) 367-5331,
(841) 205-6711,
(413) 950-4617,
(509) 529-1259,
(606) 833-4933,
(758) 216-2824,
(478) 406-8095,
(610) 636-2140,
(821) 269-7492,
(381) 217-7227,
(501) 355-7412,
(762) 599-9483,
(316) 954-1187,
(773) 291-4096,
(550) 348-9662,
(238) 666-9215,
(733) 491-5505,
(550) 729-8441,
(646) 954-4741,
(610) 415-5236,
(671) 263-6641,
(421) 993-2736,
(982) 528-8449,
(747) 618-1473,
(820) 396-9887,
(741) 812-5723,
(223) 691-6346,
(758) 430-9591,
(719) 388-2392,
(541) 260-9386,
(906) 969-2140,
(474) 440-3988,
(328) 987-4151,
(947) 301-7780,
(776) 870-1991,
(217) 230-9337,
(313) 828-4948,
(973) 844-6641,
(450) 900-9000,
(671) 716-2669,
(643) 281-7915,
(245) 796-1802,
(965) 646-4213,
(625) 546-6330,
(431) 581-8054,
(702) 779-1188,
(635) 932-6952,
(653) 833-5268,
(668) 990-5666,
(762) 491-3329,
(729) 365-8954,
(625) 910-2517,
(208) 618-9417,
(276) 352-4982,
(765) 346-3168,
(345) 714-6899,
(809) 498-3445,
(753) 625-9476,
(800) 815-9537,
(216) 862-2204,
(714) 303-1625,
(838) 393-7484,
(588) 250-3831,
(410) 931-8162,
(204) 365-3315,
(313) 554-8126,
(257) 492-6360,
(934) 371-9231,
(387) 819-3030,
(511) 645-2035,
(440) 634-6558,
(619) 265-6030,
(712) 494-2521,
(581) 499-1851,
(451) 585-1571,
(425) 211-9526,
(942) 596-8994,
(666) 391-2376,
(871) 286-6596,
(507) 848-5586,
(370) 770-8739,
(565) 485-9489,
(402) 324-1741,
(675) 898-6819,
(667) 502-5142,
(247) 583-7615,
(625) 782-9735,
(323) 961-2050,
(970) 251-5908,
(911) 782-2904,
(271) 218-5030,
(422) 334-5344,
(531) 384-2070,
(438) 596-4103,
(729) 549-1851,
(570) 958-8520,
(962) 922-5022,
(852) 580-8187,
(428) 227-4906,
(977) 620-4280,
(853) 463-9407,
(806) 396-7287,
(682) 965-7748,
(747) 376-9558,
(342) 748-9363,
(826) 639-3392,
(814) 408-4620,
(834) 788-7854,
(279) 359-3182,
(704) 986-4097,
(235) 564-8307,
(451) 977-3633,
(618) 247-1368,
(716) 910-6980,
(859) 331-8471,
(680) 936-6290,
(660) 974-1917,
(878) 363-8356,
(879) 280-3179,
(684) 985-5579,
(873) 618-8039,
(664) 577-8002,
(251) 506-8415,
(228) 661-8229,
(558) 418-8042,
(509) 455-9632,
(753) 741-4210,
(953) 232-5851,
(980) 576-3666,
(705) 368-6206,
(845) 411-8973,
(630) 279-7031,
(982) 273-7286,
(751) 760-8880,
(624) 219-6043,
(442) 919-3397,
(219) 545-8852,
(308) 858-9510,
(914) 371-2240,
(933) 916-8058,
(829) 364-2571,
(231) 347-5035,
(532) 294-3903,
(604) 527-7007,
(578) 519-1847,
(635) 540-3164,
(660) 415-1231,
(676) 210-8983,
(925) 964-7466,
(323) 566-1852,
(711) 867-9741,
(554) 415-7719,
(611) 421-6105,
(621) 828-6351,
(760) 462-3434,
(200) 260-1773,
(552) 215-6782,
(366) 364-9599,
(383) 269-9372,
(785) 953-7628,
(879) 719-4667,
(900) 331-1557,
(773) 585-9736,
(204) 289-2172,
(772) 979-3330,
(726) 341-8465,
(556) 535-5290,
(405) 432-2959,
(624) 979-7775,
(583) 350-5727,
(684) 365-9780,
(836) 513-9346,
(755) 921-2918,
(208) 817-4401,
(272) 222-8698,
(430) 391-4388,
(851) 358-7314,
(739) 333-3900,
(264) 994-6631,
(849) 364-9083,
(251) 356-2922,
(282) 959-8274,
(744) 418-5266,
(934) 861-4038,
(907) 753-9968,
(353) 836-3138,
(801) 695-5695,
(873) 394-9294,
(964) 509-2546,
(433) 467-3089,
(502) 421-5280,
(437) 279-4361,
(502) 709-4258,
(327) 955-5342,
(868) 992-5689,
(231) 805-1920,
(532) 408-4130,
(884) 615-8570,
(713) 610-3869,
(577) 376-1325,
(853) 822-6618,
(503) 842-7959,
(300) 388-5079,
(532) 740-6995,
(922) 807-6783,
(776) 654-7264,
(576) 206-9985,
(827) 381-1948,
(270) 403-5808,
(800) 633-3859,
(780) 324-9767,
(851) 303-5276,
(665) 933-2002,
(312) 641-5948,
(700) 580-3134,
(812) 915-2551,
(318) 400-1322,
(987) 927-7533,
(538) 943-5639,
(248) 985-6092,
(215) 891-8136,
(554) 282-1464,
(340) 966-9214,
(862) 458-5048,
(762) 970-3810,
(980) 972-1411,
(756) 827-6806,
(701) 375-1983,
(942) 346-3406,
(221) 877-7957,
(483) 829-6327,
(236) 608-4254,
(227) 768-4642,
(733) 248-1401,
(201) 529-6495,
(636) 557-3375,
(401) 911-9757,
(489) 898-3922,
(419) 466-9693,
(832) 867-5187,
(642) 636-1386,
(651) 525-7121,
(465) 511-5975,
(204) 438-1553,
(933) 743-3378,
(223) 478-6310,
(477) 853-7786,
(259) 642-4455,
(342) 918-4237,
(369) 604-3076,
(856) 337-6217,
(938) 327-4478,
(969) 217-2666,
(763) 940-1173,
(628) 526-5734,
(552) 476-1811,
(747) 802-4646,
(519) 928-7387,
(851) 990-9489,
(831) 463-7202,
(539) 897-3154,
(254) 500-2468,
(367) 741-8836,
(579) 938-4439,
(962) 944-3377,
(424) 313-5905,
(622) 728-4566,
(969) 598-8422,
(657) 250-9563,
(439) 318-4262,
(613) 657-6248,
(524) 827-1316,
(362) 908-8342,
(730) 299-1491,
(528) 664-1923,
(878) 475-5219,
(422) 794-6090,
(415) 620-3708,
(907) 655-4550,
(650) 960-7128,
(902) 509-2482,
(235) 874-7889,
(957) 856-4747,
(976) 474-3028,
(701) 476-3074,
(368) 999-3500,
(977) 255-1534,
(200) 468-6102,
(957) 872-2766,
(739) 841-6692,
(500) 893-5114,
(956) 961-9868,
(242) 672-9555,
(841) 650-6490,
(952) 802-5015,
(816) 811-1046,
(674) 706-2914,
(521) 472-6974,
(413) 211-2202,
(634) 431-8506,
(415) 279-5372,
(773) 693-7910,
(404) 318-2041,
(761) 618-5392,
(756) 322-5933,
(477) 297-1232,
(545) 705-9166,
(718) 311-9058,
(471) 591-2767,
(282) 256-9477,
(840) 643-9214,
(464) 980-9494,
(282) 511-6924,
(318) 414-5203,
(729) 533-2518,
(747) 856-6393,
(321) 881-3433,
(704) 882-5849,
(821) 414-1625,
(958) 844-5242,
(625) 326-9276,
(653) 508-5733,
(727) 288-6803,
(747) 573-7040,
(725) 625-6191,
(720) 674-9503,
(227) 481-1333,
(976) 721-3719,
(451) 532-8292,
(967) 606-5729,
(631) 758-1540,
(741) 237-7247,
(517) 256-9743,
(504) 286-5834,
(855) 629-6079,
(539) 768-3674,
(457) 571-1237,
(840) 713-2686,
(939) 688-9299,
(882) 697-1055,
(330) 648-8547,
(621) 226-9610,
(486) 932-6891,
(552) 375-2580,
(507) 906-4387,
(944) 775-3809,
(335) 603-3491,
(887) 539-5698,
(457) 809-3642,
(436) 900-8018,
(739) 593-4517,
(463) 565-2394,
(764) 347-5021,
(343) 914-5670,
(356) 348-5670,
(788) 393-2101,
(656) 548-5537,
(550) 324-3301,
(550) 524-5937,
(525) 578-9009,
(232) 663-4068,
(931) 485-3063,
(230) 262-5169,
(436) 333-3077,
(675) 887-1923,
(531) 912-8236,
(324) 914-5605,
(836) 739-8678,
(535) 761-8970,
(922) 314-7833,
(584) 846-5953,
(410) 507-9294,
(457) 993-1889,
(900) 548-1459,
(987) 901-8046,
(615) 518-6297,
(383) 271-9669,
(867) 469-9821,
(849) 267-7405,
(876) 572-3908,
(415) 318-7464,
(213) 292-1729,
(414) 254-5343,
(342) 899-1273,
(480) 328-9532,
(266) 590-6382,
(433) 858-7023,
(212) 751-5245,
(611) 969-8628,
(925) 225-5190,
(980) 430-3947,
(688) 766-7827,
(943) 455-4285,
(380) 818-7093,
(677) 487-7581,
(315) 626-6994,
(777) 607-4856,
(428) 553-2585,
(849) 263-9116,
(657) 628-7457,
(783) 760-2379,
(718) 535-9156,
(803) 882-8086,
(710) 262-4986,
(326) 946-6348,
(669) 439-5369,
(415) 641-8465,
(240) 708-1916,
(943) 848-7965,
(854) 346-7653,
(347) 397-9880,
(274) 612-1685,
(448) 496-4429,
(972) 202-5116,
(853) 220-3566,
(778) 764-5523,
(429) 352-9035,
(515) 431-8192,
(965) 420-3345,
(819) 526-5635,
(251) 427-7899,
(509) 941-3972,
(617) 582-3063,
(920) 517-7168,
(683) 861-5348,
(239) 527-1993,
(871) 275-5609,
(918) 745-6723,
(801) 449-4454,
(804) 652-5534,
(454) 977-6693,
(202) 539-5074,
(363) 767-1139,
(770) 647-3680,
(540) 724-2735,
(851) 204-8972,
(312) 682-8197,
(504) 906-4660,
(826) 946-2352,
(937) 752-3812,
(201) 300-3969,
(315) 372-1422,
(435) 800-6500,
(623) 638-3857,
(686) 566-8807,
(786) 968-3261,
(458) 557-8253,
(446) 604-7932,
(570) 350-6939,
(463) 792-3751,
(482) 482-7738,
(719) 892-2503,
(776) 343-1606,
(985) 630-2764,
(886) 414-9776,
(316) 428-3371,
(440) 469-6870,
(522) 900-7378,
(401) 565-1530,
(751) 335-3901,
(637) 352-1063,
(515) 426-5015,
(686) 340-1560,
(203) 578-4361,
(971) 828-9892,
(817) 803-3642,
(464) 581-1171,
(881) 871-8943,
(705) 523-3845,
(361) 556-5154,
(463) 662-5688,
(383) 422-4735,
(359) 318-3863,
(510) 214-8908,
(930) 808-6892,
(405) 546-3417,
(781) 221-2253,
(620) 691-8192,
(328) 301-9994,
(910) 853-9879,
(369) 705-8060,
(414) 869-8597,
(371) 733-3387,
(429) 549-2850,
(386) 710-4169,
(314) 456-2768,
(512) 700-5423,
(738) 469-2806,
(621) 637-2901,
(753) 637-7400,
(450) 403-9841,
(870) 618-6767,
(831) 267-7359,
(684) 981-4266,
(360) 742-5794,
(569) 943-6988,
(686) 662-8941,
(867) 399-5596,
(837) 909-5574,
(756) 531-8188,
(764) 630-3449,
(521) 723-5594,
(558) 336-1946,
(707) 321-1479,
(459) 519-7635,
(956) 908-4040,
(716) 999-8628,
(528) 679-8965,
(836) 967-6450,
(210) 747-6049,
(566) 751-4775,
(534) 500-5819,
(726) 526-7372,
(958) 328-4691,
(949) 358-4628,
(638) 704-3704,
(481) 901-7189,
(871) 231-8651,
(605) 311-7668,
(718) 332-7723,
(834) 354-2236,
(341) 744-2211,
(875) 763-4102,
(624) 330-6738,
(271) 914-3975,
(361) 572-9839,
(415) 578-4362,
(704) 755-5911,
(979) 580-8675,
(579) 291-4235,
(244) 547-1501,
(882) 777-1069,
(571) 573-1776,
(807) 723-5045,
(976) 780-8171,
(834) 565-4712,
(253) 806-8584,
(306) 373-7090,
(409) 486-2396,
(774) 979-1572,
(529) 560-9082,
(509) 598-6498,
(447) 869-5594,
(956) 512-7266,
(587) 652-7956,
(677) 364-7951,
(851) 589-7916,
(366) 271-4103,
(800) 739-1351,
(518) 206-3114,
(933) 509-8037,
(212) 484-1085,
(684) 284-4104,
(386) 985-5252,
(705) 731-2617,
(411) 221-4604,
(765) 797-7937,
(924) 623-1800,
(925) 503-2666,
(805) 833-5439,
(942) 250-1087,
(232) 482-3773,
(466) 388-5491,
(443) 368-2051,
(417) 640-9890,
(425) 834-2998,
(503) 862-7453,
(302) 397-7772,
(780) 443-8266,
(753) 297-6609,
(673) 760-4727,
(931) 792-9227,
(259) 732-4126,
(783) 970-9984,
(422) 727-7587,
(234) 397-9901,
(576) 491-7656,
(903) 452-6526,
(256) 482-1716,
(642) 328-3235,
(601) 901-6789,
(737) 453-1651,
(454) 609-4795,
(318) 300-6892,
(827) 818-5809,
(833) 267-3300,
(644) 433-3849,
(761) 311-2916,
(374) 493-8934,
(649) 810-3604,
(531) 309-6961,
(212) 402-5156,
(673) 402-1430,
(751) 517-3951,
(600) 586-3651,
(466) 687-8992,
(759) 360-1720,
(331) 287-8384,
(516) 659-2439,
(325) 993-5325,
(952) 302-7768,
(715) 480-4308,
(941) 484-7655,
(356) 888-9855,
(514) 211-1765,
(430) 576-6825,
(828) 250-7036,
(912) 425-6412,
(446) 542-7219,
(626) 913-9053,
(882) 949-7042,
(430) 607-2975,
(643) 977-5951,
(607) 431-9953,
(506) 685-2190,
(937) 467-4214,
(311) 338-9435,
(257) 619-5450,
(368) 795-4909,
(646) 907-1782,
(357) 724-4243,
(912) 546-7969,
(803) 747-1732,
(880) 234-3245,
(576) 746-9646,
(819) 393-9805,
(843) 874-8055,
(560) 280-3967,
(423) 913-8599,
(650) 547-1889,
(545) 293-8347,
(765) 887-5043,
(786) 716-7392,
(821) 400-6637,
(822) 274-1137,
(318) 584-3714,
(426) 359-9679,
(357) 306-1908,
(209) 852-2291,
(841) 467-1863,
(835) 482-6055,
(269) 785-6523,
(572) 715-9248,
(975) 475-1574,
(417) 598-6806,
(939) 664-9038,
(776) 692-6486,
(866) 619-9865,
(425) 392-8812,
(502) 237-6873,
(944) 227-9799,
(769) 694-8453,
(689) 350-9159,
(746) 549-9977,
(813) 572-1560,
(603) 210-4598,
(362) 250-5001,
(311) 743-8566,
(683) 260-1078,
(870) 736-5502,
(827) 503-8517,
(345) 474-3643,
(644) 642-2890,
(880) 566-5412,
(874) 759-4505,
(461) 315-4909,
(386) 353-7196,
(541) 470-1289,
(569) 701-7687,
(915) 271-6951,
(325) 511-3270,
(427) 221-3806,
(946) 350-9517,
(686) 613-5951,
(235) 944-7043,
(218) 918-4240,
(961) 873-4911,
(272) 293-1230,
(916) 711-5371,
(768) 205-6860,
(738) 469-5729,
(518) 858-6602,
(552) 674-6134,
(381) 680-4114,
(786) 315-5359,
(980) 719-1792,
(366) 618-4463,
(607) 851-4583,
(365) 958-5194,
(572) 654-6946,
(747) 328-1176,
(607) 940-3208,
(678) 698-5927,
(553) 837-2494,
(378) 446-3114,
(422) 823-1250,
(502) 457-5430,
(213) 851-9181,
(316) 993-1497,
(542) 338-1596,
(522) 770-5394,
(342) 617-4001,
(357) 653-1432,
(776) 491-1336,
(549) 412-1936,
(678) 723-3879,
(788) 565-6695,
(586) 299-5905,
(925) 517-3724,
(984) 696-9808,
(485) 757-3009,
(377) 240-7260,
(207) 296-9776,
(733) 482-6075,
(989) 695-9800,
(531) 686-5179,
(242) 956-2755,
(352) 624-5519,
(672) 844-2823,
(618) 517-6656,
(639) 734-8383,
(566) 692-2830,
(224) 611-1428,
(745) 457-7254,
(975) 910-7544,
(311) 260-9999,
(758) 273-5418,
(221) 252-5812,
(201) 447-4068,
(560) 972-2092,
(638) 488-6524,
(848) 531-1104,
(534) 307-3982,
(363) 352-5891,
(928) 277-2850,
(830) 576-7564,
(288) 992-7402,
(817) 359-2174,
(207) 357-9468,
(852) 734-9963,
(473) 543-3647,
(806) 863-2574,
(320) 746-9295,
(961) 495-9621,
(319) 486-7108,
(439) 940-9608,
(235) 462-6766,
(242) 803-1734,
(424) 801-7463,
(257) 612-5938,
(903) 274-9775,
(821) 479-4241,
(916) 623-8084,
(245) 650-8788,
(219) 728-3607,
(935) 321-3772,
(772) 989-5082,
(385) 326-5836,
(442) 240-2751,
(268) 662-1043,
(434) 972-4216,
(411) 891-1785,
(310) 817-1111,
(856) 739-4893,
(822) 860-5516,
(803) 554-7044,
(770) 933-7373,
(456) 983-8065,
(937) 293-2826,
(321) 457-6935,
(569) 438-5732,
(571) 489-1418,
(943) 834-2383,
(608) 247-4311,
(781) 717-5614,
(882) 993-5159,
(819) 713-6502,
(348) 542-8292,
(504) 890-1031,
(870) 748-2730,
(331) 488-9455,
(255) 454-1885,
(632) 939-3515,
(815) 749-6611,
(724) 840-4523,
(642) 950-6242,
(982) 219-2508,
(587) 397-6705,
(528) 890-9937,
(421) 828-5125,
(603) 351-7600,
(256) 541-5801,
(658) 782-4590,
(251) 317-7624,
(742) 969-9491,
(760) 243-1851,
(456) 225-1243,
(403) 812-5062,
(956) 700-8260,
(905) 668-5793,
(735) 783-7076,
(932) 495-6647,
(907) 641-7450,
(665) 515-8027,
(470) 507-1017,
(460) 869-7042,
(788) 814-5201,
(522) 348-3745,
(555) 729-3996,
(608) 968-2806,
(573) 866-7910,
(207) 222-8397,
(433) 753-7494,
(331) 586-2272,
(485) 315-9516,
(369) 857-7599,
(263) 418-8683,
(350) 955-6193,
(804) 901-8544,
(982) 885-6751,
(410) 883-1851,
(351) 438-8901,
(972) 513-8987,
(372) 617-4285,
(509) 586-1929,
(665) 292-1387,
(710) 806-1125,
(282) 690-3292,
(607) 551-6110,
(856) 629-9166,
(724) 387-4933,
(622) 504-4094,
(976) 419-8173,
(855) 382-6137,
(669) 222-6828,
(954) 358-1133,
(355) 320-6549,
(818) 569-5690,
(419) 254-4034,
(570) 973-6676,
(271) 528-1321,
(682) 597-1257,
(840) 668-9264,
(847) 881-2205,
(518) 883-1322,
(776) 232-7524,
(730) 335-2782,
(910) 717-9373,
(811) 418-9880,
(970) 287-7651,
(708) 401-4845,
(770) 441-6601,
(668) 409-9071,
(586) 682-7775,
(805) 396-6586,
(821) 951-8948,
(969) 223-6587,
(739) 358-2357,
(320) 838-5968,
(449) 274-5862,
(483) 956-1047,
(638) 893-1158,
(215) 935-7218,
(535) 473-7829,
(206) 262-1280,
(234) 508-8666,
(503) 255-4318,
(526) 597-1720,
(460) 876-4244,
(823) 792-5231,
(860) 208-9293,
(232) 240-8734,
(913) 817-2929,
(374) 850-2482,
(435) 309-2359,
(953) 613-7782,
(953) 414-9091,
(922) 647-8297,
(301) 256-8159,
(911) 686-5693,
(856) 852-5604,
(455) 655-2607,
(352) 460-3294,
(951) 921-6698,
(573) 392-2797,
(815) 215-2787,
(565) 628-2274,
(418) 817-3417,
(230) 629-8594,
(561) 897-6278,
(881) 224-4539,
(286) 711-2267,
(917) 470-7475,
(786) 278-8721,
(320) 217-6830,
(345) 601-2823,
(852) 256-7548,
(205) 957-4189,
(252) 859-4012,
(212) 273-6589,
(717) 269-7750,
(900) 422-4039,
(502) 814-3481,
(673) 776-9674,
(485) 431-9660,
(643) 749-2524,
(228) 568-3742,
(834) 775-7148,
(426) 509-4252,
(832) 925-5874,
(539) 814-2419,
(404) 378-9174,
(810) 472-2528,
(874) 589-5952,
(718) 627-3408,
(418) 755-3823,
(964) 791-1489,
(368) 976-1265,
(817) 271-1888,
(868) 512-7799,
(388) 350-4726,
(653) 531-1070,
(600) 907-6857,
(820) 455-5159,
(477) 775-6404,
(651) 886-4149,
(362) 879-8397,
(772) 504-8338,
(513) 813-7601,
(560) 242-8828,
(970) 834-1621,
(769) 773-2792,
(286) 866-7797,
(514) 928-6041,
(678) 507-5756,
(866) 427-8052,
(351) 711-5668,
(505) 393-7581,
(724) 470-1604,
(978) 757-4799,
(659) 502-8403,
(224) 748-9502,
(359) 902-4621,
(828) 923-6142,
(540) 581-2283,
(673) 298-8236,
(289) 910-1005,
(665) 560-9734,
(932) 810-9753,
(900) 610-4894,
(371) 361-5277,
(748) 438-6172,
(424) 354-3711,
(203) 419-3030,
(547) 918-3958,
(404) 553-7451,
(874) 240-1099,
(964) 908-4073,
(329) 587-6337,
(225) 775-5444,
(640) 498-8655,
(960) 719-4179,
(531) 465-6958,
(345) 510-9921,
(650) 287-3712,
(574) 592-2092,
(738) 896-6776,
(405) 952-9791,
(978) 747-5969,
(575) 940-6071,
(969) 920-5269,
(785) 480-9699,
(404) 472-1253,
(226) 241-5520,
(739) 532-9190,
(688) 963-3870,
(506) 483-8505,
(725) 548-3846,
(886) 362-8180,
(862) 417-6946,
(553) 822-2985,
(646) 762-8570,
(384) 366-3917,
(822) 809-2125,
(469) 403-8235,
(345) 204-9578,
(963) 299-8330,
(523) 334-1416,
(505) 696-5367,
(331) 893-7255,
(457) 962-9191,
(920) 350-1010,
(227) 856-3221,
(627) 425-3196,
(400) 797-8505,
(807) 822-1849,
(637) 719-6253,
(238) 865-3128,
(910) 618-3523,
(767) 465-3866,
(956) 647-9232,
(822) 650-7950,
(216) 516-8309,
(803) 332-1929,
(420) 866-7469,
(753) 939-5900,
(516) 502-1661,
(866) 861-1998,
(585) 641-1774,
(435) 665-6017,
(968) 390-5657,
(644) 748-7260,
(603) 954-7765,
(887) 985-8954,
(646) 756-4059,
(704) 540-4449,
(783) 513-1141,
(818) 930-1190,
(434) 264-3529,
(685) 694-5076,
(808) 661-2483,
(301) 547-3217,
(245) 674-1391,
(820) 584-4710,
(362) 560-9866,
(966) 779-8833,
(521) 875-5341,
(975) 906-2899,
(470) 560-7707,
(276) 519-4892,
(503) 438-2235,
(383) 491-2639,
(731) 519-8316,
(480) 549-1319,
(440) 877-3574,
(527) 878-9054,
(974) 545-6835,
(389) 476-2655,
(747) 858-8996,
(731) 298-1871,
(261) 775-3728,
(373) 655-9278,
(888) 683-2430,
(936) 997-3524,
(206) 310-1705,
(581) 714-8320,
(468) 479-7583,
(617) 649-3318,
(884) 718-6836,
(765) 559-3331,
(634) 495-4612,
(463) 695-4516,
(510) 484-7022,
(476) 364-7944,
(863) 726-4401,
(951) 335-7170,
(260) 219-4303,
(455) 754-4400,
(542) 948-3724,
(503) 406-9310,
(349) 864-2538,
(372) 597-4268,
(378) 930-5125,
(312) 829-8778,
(426) 375-9677,
(819) 258-8424,
(638) 949-3947,
(775) 758-4861,
(254) 601-6240,
(846) 897-9588,
(682) 460-9712,
(362) 766-8404,
(383) 598-9211,
(524) 674-5026,
(741) 751-7551,
(684) 654-1064,
(449) 825-8275,
(704) 310-9311,
(887) 590-7193,
(736) 404-5809,
(861) 729-8461,
(857) 909-5873,
(758) 671-2157,
(679) 881-1778,
(754) 546-9290,
(652) 273-1824,
(886) 290-4120,
(969) 758-3335,
(702) 894-5114,
(603) 559-6191,
(239) 659-7853,
(963) 805-3412,
(517) 790-7094,
(349) 547-7079,
(979) 238-6792,
(315) 890-4904,
(641) 413-4088,
(887) 349-5905,
(313) 752-4941,
(826) 639-7295,
(566) 655-4670,
(238) 517-1330,
(378) 690-7415,
(655) 238-3302,
(616) 988-9117,
(581) 501-8994,
(781) 491-7907,
(949) 915-2056,
(546) 709-9370,
(663) 696-4814,
(800) 240-1377,
(530) 872-5067,
(904) 558-7818,
(962) 939-3477,
(211) 947-4937,
(261) 283-3039,
(574) 495-9338,
(854) 517-4738,
(679) 733-4988,
(302) 677-7398,
(986) 237-4871,
(635) 357-2717,
(511) 414-7610,
(355) 235-6854,
(328) 228-6484,
(402) 737-7681,
(709) 977-5662,
(953) 907-8798,
(773) 433-3334,
(355) 415-1872,
(837) 498-5299,
(914) 407-1792,
(640) 772-1256,
(651) 572-3675,
(932) 558-4330,
(924) 265-7433,
(505) 282-3256,
(900) 576-4206,
(606) 357-4441,
(323) 506-7605,
(861) 206-9312,
(508) 643-6722,
(259) 242-9630,
(652) 577-2029,
(539) 714-2973,
(778) 731-3900,
(413) 914-6830,
(708) 381-6377,
(205) 246-2565,
(687) 365-3278,
(389) 462-1728,
(287) 713-5151,
(726) 327-8169,
(557) 784-3374,
(382) 756-5736,
(735) 605-7329,
(763) 851-5003,
(404) 729-6363,
(521) 991-8979,
(461) 209-5568,
(437) 243-5435,
(545) 898-2620,
(888) 862-1822,
(780) 219-8024,
(347) 274-8700,
(479) 559-4845,
(209) 628-2539,
(922) 377-1963,
(579) 896-5613,
(431) 951-6059,
(564) 452-6322,
(431) 757-9615,
(659) 706-1082,
(310) 813-5670,
(939) 286-3216,
(426) 455-2904,
(820) 733-8862,
(601) 911-8951,
(303) 577-5897,
(412) 629-7341,
(481) 231-5256,
(726) 942-5871,
(539) 818-4604,
(900) 426-3746,
(841) 937-7536,
(388) 697-1414,
(605) 968-7132,
(363) 271-3289,
(925) 839-2907,
(675) 264-6486,
(950) 870-5863,
(808) 678-7811,
(464) 220-3657,
(555) 973-2837,
(808) 870-7040,
(440) 542-4188,
(729) 638-2239,
(903) 817-9612,
(947) 706-1979,
(607) 219-8931,
(431) 607-3912,
(300) 942-2850,
(668) 228-1508,
(820) 482-4242,
(844) 379-3596,
(354) 332-7589,
(289) 251-3299,
(232) 962-9866,
(446) 237-6178,
(559) 258-9752,
(711) 305-9015,
(468) 827-9145,
(716) 827-2083,
(509) 814-8610,
(738) 280-1911,
(612) 937-8368,
(219) 598-3631,
(730) 473-7190,
(721) 804-9982,
(216) 715-3393,
(739) 494-5028,
(769) 206-2916,
(969) 457-5211,
(429) 427-3486,
(979) 245-1861,
(802) 221-6222,
(318) 967-1325,
(489) 389-7025,
(584) 227-3347,
(375) 464-4721,
(778) 455-7674,
(544) 967-2942,
(804) 220-6245,
(334) 546-5427,
(880) 299-2948,
(473) 650-3711,
(473) 529-4505,
(323) 376-3147,
(578) 537-3158,
(419) 667-3542,
(915) 398-7818,
(224) 317-4698,
(506) 208-7295,
(944) 281-1849,
(403) 858-1735,
(836) 584-2104,
(966) 272-6657,
(461) 554-8061,
(566) 955-6631,
(609) 350-4282,
(425) 676-1580,
(929) 407-4747,
(585) 591-9135,
(724) 909-1887,
(647) 246-1831,
(303) 956-1215,
(710) 298-7447,
(345) 488-9863,
(987) 982-3074,
(876) 401-5458,
(519) 438-1492,
(969) 674-3297,
(483) 840-2100,
(717) 361-9692,
(525) 591-3487,
(350) 364-3390,
(586) 880-1329,
(617) 456-4546,
(371) 665-8120,
(213) 209-3228,
(309) 810-4737,
(571) 973-2786,
(713) 676-8998,
(774) 713-2982,
(962) 858-4878,
(920) 727-6340,
(325) 617-1544,
(479) 890-3057,
(577) 826-1228,
(558) 847-1924,
(801) 266-9446,
(703) 836-2522,
(706) 883-2419,
(658) 704-4818,
(343) 946-7393,
(465) 963-9605,
(712) 502-8824,
(401) 210-1520,
(873) 518-6719,
(457) 784-5507,
(550) 563-8212,
(318) 797-3349,
(889) 792-9796,
(346) 299-8897,
(269) 791-7253,
(815) 202-9553,
(770) 210-3217,
(704) 405-7221,
(214) 256-4791,
(470) 465-6075,
(700) 864-2397,
(274) 303-5148,
(759) 411-6349,
(975) 617-4880,
(200) 710-9986,
(528) 998-1754,
(704) 320-3201,
(643) 529-2300,
(500) 766-6981,
(673) 609-6745,
(387) 455-4675,
(278) 450-8528,
(963) 820-9799,
(420) 448-8123,
(987) 949-4386,
(257) 202-1907,
(385) 589-6536,
(336) 965-1391,
(403) 252-7108,
(930) 770-8023,
(755) 496-4843,
(409) 455-1684,
(327) 379-1791,
(802) 888-3531,
(436) 394-9359,
(556) 801-3594,
(343) 870-2627,
(852) 465-1769,
(825) 617-8995,
(242) 694-8150,
(919) 754-3992,
(706) 875-1858,
(467) 335-7130,
(911) 939-2949,
(442) 550-1121,
(564) 837-1947,
(315) 218-2731,
(426) 412-1949,
(308) 286-4793,
(821) 493-2764,
(216) 378-3096,
(650) 489-5069,
(309) 960-4792,
(285) 230-5692,
(778) 610-2463,
(565) 540-5063,
(540) 569-4713,
(912) 283-7622,
(659) 583-1905,
(208) 303-3958,
(925) 912-2550,
(482) 213-7830,
(378) 753-6084,
(401) 586-7586,
(549) 998-5422,
(673) 446-2664,
(872) 875-6170,
(531) 460-1982,
(656) 863-8231,
(780) 995-9154,
(934) 449-4891,
(537) 435-3552,
(569) 505-9302,
(519) 453-2726,
(640) 421-2188,
(720) 649-3668,
(841) 583-8335,
(554) 571-9794,
(936) 389-7505,
(787) 789-5052,
(905) 597-6001,
(420) 921-7150,
(780) 307-2047,
(544) 637-4243,
(706) 784-6818,
(658) 492-5472,
(721) 477-5259,
(501) 576-5575,
(429) 426-9876,
(423) 564-2708,
(424) 337-6790,
(642) 387-2656,
(472) 481-9406,
(446) 230-4769,
(746) 561-1875,
(718) 887-9884,
(538) 646-7204,
(939) 311-1260,
(623) 628-1071,
(313) 809-8283,
(881) 717-8196,
(689) 435-2974,
(861) 423-6167,
(937) 243-6043,
(506) 229-1927,
(658) 628-5034,
(681) 841-7770,
(634) 506-7196,
(325) 262-4336,
(902) 977-9055,
(889) 612-5270,
(326) 976-8113,
(760) 914-6616,
(252) 653-7688,
(580) 307-4837,
(233) 804-7265,
(317) 948-6660,
(505) 396-2900,
(653) 892-9244,
(661) 495-4689,
(870) 596-8540,
(640) 790-4555,
(351) 334-1538,
(837) 618-5296,
(733) 722-8137,
(681) 803-5875,
(875) 762-8037,
(421) 248-1675,
(387) 252-6893,
(250) 307-9640,
(371) 353-4976,
(260) 354-7278,
(808) 299-2977,
(355) 620-1973,
(542) 831-8356,
(257) 873-3728,
(784) 618-4191,
(462) 219-6204,
(651) 746-5595,
(975) 345-5848,
(528) 389-5812,
(377) 221-6864,
(685) 998-3457,
(549) 846-5873,
(354) 930-6026,
(585) 651-7004,
(438) 710-4647,
(375) 919-8339,
(466) 243-6894,
(836) 222-3852,
(733) 484-3194,
(639) 687-2159,
(579) 552-3104,
(744) 229-2417,
(212) 246-6552,
(513) 263-7836,
(666) 879-8793,
(381) 727-3083,
(941) 840-6241,
(365) 339-6192,
(274) 754-6914,
(211) 484-9616,
(548) 541-7002,
(961) 987-1272,
(542) 212-8312,
(810) 570-3932,
(461) 951-4853,
(222) 557-7078,
(326) 489-7589,
(229) 889-4887,
(219) 682-5705,
(631) 997-8699,
(570) 749-1902,
(631) 950-2852,
(831) 930-3551,
(552) 454-6060,
(714) 248-5304,
(256) 739-3385,
(500) 766-4664,
(985) 637-4958,
(222) 304-9645,
(438) 407-5149,
(622) 870-3032,
(841) 734-3443,
(279) 478-9081,
(515) 889-4713,
(364) 777-2998,
(937) 977-1098,
(834) 517-3820,
(518) 498-6428,
(475) 839-2114,
(818) 627-5572,
(472) 727-3507,
(814) 226-1221,
(431) 722-2037,
(639) 857-8994,
(586) 395-5582,
(857) 762-8487,
(646) 889-5547,
(342) 397-6097,
(777) 310-9779,
(556) 301-8255,
(630) 833-2367,
(253) 643-7184,
(522) 497-4745,
(804) 769-1512,
(314) 247-9775,
(244) 981-7246,
(341) 913-6294,
(273) 569-1468,
(488) 419-5229,
(486) 939-2399,
(831) 392-1940,
(401) 604-9492,
(904) 585-2263,
(467) 416-9322,
(785) 637-4355,
(588) 769-2031,
(285) 677-4776,
(362) 232-4114,
(326) 576-5180,
(204) 950-2788,
(323) 457-4254,
(556) 740-6539,
(841) 988-7304,
(737) 483-6046,
(969) 773-1403,
(934) 985-9920,
(735) 835-7800,
(620) 337-7732,
(378) 858-5789,
(389) 990-3495,
(873) 305-8812,
(667) 386-3331,
(358) 308-5227,
(832) 968-3610,
(383) 517-1370,
(359) 284-4928,
(673) 415-9336,
(315) 643-3158,
(402) 956-8859,
(214) 591-8187,
(816) 238-3507,
(932) 937-6563,
(360) 482-2922,
(488) 643-6763,
(727) 329-6374,
(380) 367-2893,
(949) 811-9253,
(857) 350-2267,
(966) 265-1013,
(643) 594-4039,
(765) 589-4216,
(678) 521-2033,
(763) 829-6158,
(932) 400-6405,
(312) 305-3755,
(643) 386-3819,
(272) 531-1732,
(528) 927-4276,
(912) 699-5791,
(805) 446-1117,
(857) 573-8369,
(502) 337-2473,
(242) 459-7543,
(622) 433-5891,
(331) 678-8899,
(511) 375-6904,
(738) 219-5187,
(479) 541-5547,
(353) 749-1853,
(988) 905-9589,
(976) 435-2608,
(975) 795-9717,
(204) 810-1886,
(408) 314-1606,
(951) 602-3552,
(587) 964-7728,
(830) 870-3825,
(383) 666-9197,
(861) 382-4408,
(885) 437-5053,
(966) 255-3111,
(849) 729-4230,
(449) 733-2429,
(576) 923-3691,
(567) 500-5990,
(422) 379-9782,
(713) 371-6747,
(339) 339-3814,
(766) 312-8378,
(306) 402-7406,
(265) 933-2535,
(226) 640-9634,
(214) 539-9511,
(576) 218-8818,
(351) 782-2625,
(963) 501-3041,
(471) 830-3600,
(856) 532-3043,
(979) 882-4397,
(369) 944-7065,
(943) 216-1283,
(777) 767-5664,
(454) 761-9540,
(277) 268-3929,
(843) 490-2786,
(911) 870-1225,
(364) 637-3485,
(933) 438-5480,
(253) 649-6318,
(474) 282-1488,
(805) 965-2110,
(789) 561-6575,
(957) 681-8040,
(769) 755-7594,
(365) 770-9069,
(909) 871-9262,
(247) 903-1171,
(959) 337-5056,
(455) 246-9031,
(574) 311-6801,
(449) 848-6730,
(351) 756-9557,
(350) 755-5077,
(344) 809-3359,
(272) 369-7794,
(633) 623-9157,
(264) 937-3090,
(818) 773-4844,
(503) 375-5691,
(318) 706-1455,
(323) 807-3599,
(237) 917-2078,
(774) 380-4226,
(911) 854-4368,
(246) 763-7182,
(443) 772-8945,
(836) 945-3207,
(737) 439-7460,
(941) 536-2860,
(926) 509-5727,
(224) 328-7700,
(725) 873-6349,
(904) 981-4158,
(728) 398-7296,
(543) 584-8985,
(402) 329-3770,
(227) 713-6105,
(720) 282-9771,
(774) 510-9042,
(244) 774-5737,
(630) 628-9069,
(378) 630-7928,
(702) 227-7827,
(509) 379-1628,
(375) 894-3565,
(576) 973-1556,
(325) 417-5044,
(822) 700-4566,
(530) 291-5201,
(471) 444-4703,
(632) 592-7332,
(478) 360-1282,
(421) 926-9127,
(988) 891-6258,
(768) 275-8712,
(958) 842-4715,
(933) 682-8219,
(248) 251-2402,
(837) 351-8454,
(801) 373-3722,
(782) 421-7375,
(985) 936-1143,
(301) 908-6742,
(930) 424-8444,
(636) 657-5095,
(554) 214-4366,
(517) 794-5928,
(222) 764-1523,
(863) 223-2025,
(811) 756-8314,
(363) 514-1559,
(373) 799-2706,
(285) 408-9336,
(708) 293-8568,
(660) 864-9484,
(670) 239-9897,
(805) 480-2535,
(269) 767-7125,
(881) 928-7504,
(675) 287-1551,
(517) 679-2004,
(518) 455-7796,
(851) 571-7494,
(742) 817-2378,
(787) 913-2825,
(341) 391-6448,
(778) 766-4482,
(946) 547-8313,
(554) 898-4778,
(229) 610-5286,
(364) 482-7058,
(288) 837-4388,
(742) 858-7843,
(521) 502-5589,
(328) 459-1587,
(954) 233-4492,
(984) 748-9488,
(364) 631-1471,
(219) 691-6065,
(389) 608-9798,
(413) 359-5244,
(263) 272-6797,
(452) 228-3738,
(674) 685-6246,
(720) 486-6918,
(583) 415-3363,
(706) 604-5511,
(550) 513-2309,
(818) 920-9327,
(772) 845-8560,
(627) 890-1350,
(436) 451-9935,
(414) 278-7018,
(884) 628-9828,
(235) 610-8111,
(673) 481-1487,
(602) 861-6069,
(768) 324-1153,
(236) 327-9429,
(614) 775-3989,
(227) 498-3007,
(556) 626-4341,
(931) 280-5234,
(945) 735-3825,
(317) 426-8719,
(411) 371-9949,
(540) 537-1022,
(438) 967-5874,
(701) 744-2241,
(412) 564-5539,
(546) 721-9077,
(389) 897-2923,
(935) 512-7688,
(475) 849-6349,
(541) 366-6683,
(665) 687-6604,
(339) 486-6750,
(457) 783-6146,
(270) 378-2631,
(972) 939-9875,
(322) 674-3796,
(967) 694-3230,
(854) 327-6065,
(434) 913-9131,
(373) 349-6754,
(307) 970-4960,
(277) 926-2115,
(480) 744-4428,
(379) 548-7989,
(945) 986-4874,
(363) 686-1204,
(945) 790-9704,
(238) 519-1393,
(251) 582-8970,
(452) 487-4555,
(776) 992-4672,
(479) 507-8302,
(332) 420-1039,
(662) 861-3006,
(573) 367-5548,
(310) 513-2551,
(850) 965-5933,
(519) 666-1672,
(350) 532-4670,
(864) 361-5988,
(703) 299-8426,
(635) 912-3849,
(236) 283-5077,
(554) 297-4031,
(431) 584-6473,
(454) 719-9001,
(263) 987-9927,
(725) 720-9459,
(302) 446-5244,
(652) 693-9629,
(548) 682-1109,
(469) 587-4776,
(518) 322-3103,
(610) 575-7781,
(259) 368-2032,
(312) 804-7601,
(512) 734-9101,
(324) 743-4449,
(967) 264-3508,
(587) 904-5770,
(630) 815-2856,
(279) 614-6781,
(868) 253-4587,
(334) 505-2525,
(212) 247-4425,
(338) 526-6641,
(982) 769-5284,
(701) 676-7543,
(233) 926-9590,
(835) 761-5819,
(279) 562-2842,
(961) 743-6025,
(344) 986-7753,
(451) 891-2343,
(913) 462-9229,
(633) 473-3247,
(482) 421-3191,
(325) 561-3423,
(245) 428-8897,
(431) 704-6532,
(251) 420-3326,
(807) 422-7314,
(571) 388-7438,
(652) 721-9121,
(352) 809-7839,
(805) 893-1798,
(963) 277-6652,
(950) 519-5278,
(846) 431-8775,
(571) 952-2926,
(527) 223-8514,
(954) 773-6988,
(284) 314-2021,
(969) 719-1974,
(741) 891-8031,
(917) 228-4947,
(464) 974-7213,
(555) 670-1164,
(528) 937-8158,
(585) 405-4940,
(385) 714-7578,
(825) 280-5242,
(408) 851-7564,
(910) 203-3912,
(440) 515-9999,
(274) 579-6727,
(340) 880-3572,
(656) 715-8593,
(543) 479-7963,
(214) 961-5595,
(737) 885-3680,
(279) 206-9468,
(263) 831-4330,
(852) 618-9770,
(554) 779-4508,
(945) 284-2442,
(971) 950-1549,
(277) 748-4554,
(207) 396-6568,
(774) 388-9252,
(231) 578-1054,
(226) 331-8410,
(584) 982-2509,
(488) 967-9501,
(712) 249-9908,
(931) 407-1383,
(574) 967-4118,
(613) 641-5974,
(673) 256-6515,
(401) 386-8878,
(988) 906-7252,
(300) 224-9507,
(673) 696-8215,
(866) 778-2399,
(885) 478-2924,
(362) 369-3006,
(827) 279-2853,
(988) 622-5505,
(637) 610-9026,
(857) 649-7320,
(530) 912-1028,
(841) 652-3054,
(945) 973-1663,
(763) 753-9618,
(506) 973-3638,
(205) 735-6147,
(275) 948-7123,
(534) 850-1923,
(466) 950-6259,
(418) 243-4510,
(956) 366-7546,
(250) 352-2073,
(351) 654-7191,
(401) 420-7234,
(360) 885-8023,
(454) 361-8883,
(705) 939-5418,
(310) 338-7948,
(910) 573-3894,
(822) 830-4364,
(969) 980-5718,
(928) 853-6364,
(678) 747-1909,
(810) 267-7419,
(953) 911-4308,
(221) 279-5183,
(836) 537-2619,
(942) 440-8582,
(901) 376-9104,
(919) 568-8758,
(430) 500-8724,
(564) 663-1519,
(826) 306-4304,
(786) 515-7351,
(578) 393-7484,
(628) 687-2162,
(600) 228-4064,
(789) 460-9625,
(755) 330-3559,
(805) 391-2457,
(262) 366-5750,
(575) 515-6505,
(407) 493-5928,
(352) 424-9321,
(300) 556-8751,
(513) 438-6582,
(809) 810-9842,
(723) 279-5007,
(466) 722-9549,
(968) 956-5290,
(777) 510-3261,
(569) 200-7178,
(414) 696-4178,
(470) 305-4220,
(471) 219-6442,
(951) 736-4564,
(959) 330-9171,
(944) 682-4499,
(530) 571-7459,
(339) 579-5957,
(366) 448-7988,
(340) 311-7981,
(323) 784-4184,
(537) 674-1613,
(381) 629-6518,
(575) 988-6921,
(249) 638-1701,
(863) 569-1156,
(367) 858-1625,
(978) 934-8120,
(312) 754-5235,
(817) 883-2351,
(745) 905-5362,
(850) 948-1817,
(259) 568-4534,
(874) 908-4338,
(542) 410-9961,
(886) 966-5940,
(402) 483-5437,
(640) 677-8085,
(573) 215-6240,
(534) 466-6185,
(459) 890-7966,
(849) 283-9213,
(263) 852-1608,
(235) 591-7154,
(978) 902-7476,
(746) 466-9860,
(562) 947-4730,
(909) 710-5675,
(739) 710-3001,
(663) 819-3866,
(838) 265-5680,
(254) 546-1061,
(612) 836-5873,
(255) 741-1994,
(688) 206-2975,
(640) 863-3561,
(457) 515-7039,
(720) 381-8080,
(481) 917-4794,
(738) 300-7355,
(205) 370-5634,
(760) 568-2029,
(583) 984-7999,
(880) 569-3979,
(813) 582-4096,
(554) 725-7951,
(862) 217-5374,
(678) 607-6456,
(326) 251-6885,
(911) 982-6146,
(203) 228-4745,
(206) 955-8765,
(373) 744-8404,
(469) 423-1357,
(830) 242-9814,
(754) 345-7657,
(378) 955-1194,
(539) 429-5592,
(906) 605-3530,
(385) 401-8802,
(212) 397-4223,
(378) 963-5133,
(666) 792-1248,
(485) 268-5533,
(750) 784-6855,
(553) 202-6413,
(547) 900-2484,
(582) 545-6092,
(810) 934-4776,
(933) 718-8711,
(721) 238-7003,
(654) 805-1180,
(782) 770-8070,
(685) 854-6961,
(418) 803-1539,
(613) 357-1200,
(454) 339-2060,
(513) 374-9749,
(930) 609-9355,
(711) 441-7030,
(208) 579-2636,
(645) 638-2574,
(558) 296-5532,
(687) 357-9745,
(724) 557-7513,
(670) 716-2237,
(361) 436-5710,
(782) 835-5671,
(447) 280-7068,
(408) 220-2872,
(441) 746-6775,
(745) 947-4836,
(924) 232-2546,
(551) 504-2099,
(253) 314-1707,
(802) 541-6302,
(610) 233-4765,
(457) 376-1071,
(867) 238-3362,
(238) 755-3778,
(450) 833-7012,
(575) 723-6944,
(809) 752-6068,
(605) 296-1356,
(822) 637-7960,
(469) 999-5919,
(740) 871-8906,
(371) 686-3965,
(451) 682-8673,
(343) 260-1330,
(724) 877-2703,
(973) 722-5357,
(278) 993-1054,
(455) 204-1967,
(701) 589-6314,
(331) 367-4944,
(942) 583-9837,
(767) 225-1353,
(986) 494-5901,
(263) 275-2653,
(313) 527-5884,
(913) 783-7780,
(341) 641-9392,
(541) 840-1049,
(729) 281-2926,
(481) 565-6191,
(778) 648-9822,
(567) 711-8310,
(951) 304-8511,
(534) 434-7986,
(236) 309-9509,
(913) 362-1842,
(362) 742-4278,
(607) 954-5347,
(506) 635-5849,
(989) 515-9365,
(385) 476-4070,
(242) 327-4498,
(482) 315-8460,
(653) 282-5726,
(622) 422-1531,
(232) 388-2444,
(612) 270-7094,
(320) 609-2477,
(766) 602-4921,
(713) 987-1072,
(638) 472-1889,
(556) 577-3765,
(835) 700-1464,
(419) 649-8493,
(628) 856-8197,
(934) 806-1271,
(834) 515-8706,
(776) 348-2983,
(361) 330-6539,
(632) 919-5651,
(250) 387-5736,
(703) 815-3551,
(624) 215-1957,
(823) 578-1547,
(469) 587-8270,
(347) 845-6469,
(765) 631-1368,
(228) 547-1853,
(841) 310-2654,
(411) 790-3278,
(537) 265-4842,
(325) 828-7956,
(865) 628-6412,
(754) 333-7669,
(467) 658-7382,
(451) 778-9208,
(738) 416-1718,
(686) 636-7849,
(749) 599-7987,
(854) 655-3927,
(670) 701-3556,
(355) 780-6627,
(468) 252-8956,
(204) 376-3957,
(811) 295-4500,
(710) 666-9496,
(461) 689-9862,
(770) 240-7774,
(783) 432-6359,
(382) 777-7961,
(564) 857-1828,
(825) 243-6902,
(224) 524-2827,
(355) 251-1632,
(927) 964-7702,
(246) 907-9937,
(377) 963-6641,
(859) 910-1391,
(258) 861-9246,
(349) 836-3982,
(575) 667-2479,
(670) 479-1335,
(787) 495-7219,
(955) 208-2838,
(352) 908-4906,
(335) 383-7579,
(763) 863-1878,
(846) 585-3372,
(311) 934-1804,
(540) 741-7600,
(749) 720-1854,
(703) 337-8996,
(657) 843-8112,
(365) 924-7616,
(637) 273-2984,
(683) 444-8739,
(222) 391-9548,
(305) 597-1554,
(303) 293-6412,
(742) 419-7097,
(446) 355-7641,
(656) 249-3602,
(226) 237-9776,
(786) 662-9512,
(652) 286-3779,
(412) 624-7756,
(328) 874-9806,
(469) 615-6617,
(363) 899-2037,
(348) 591-3576,
(286) 582-3020,
(205) 269-5578,
(972) 361-8770,
(574) 805-1063,
(440) 368-7492,
(711) 483-6837,
(341) 955-3258,
(975) 471-3264,
(808) 954-5331,
(241) 651-1752,
(343) 585-6680,
(258) 831-8097,
(756) 996-5268,
(477) 784-5984,
(730) 906-3113,
(726) 615-9100,
(300) 313-4926,
(448) 525-9121,
(346) 852-2463,
(737) 701-5433,
(576) 424-2664,
(629) 238-7384,
(643) 630-6713,
(502) 451-8265,
(223) 957-6742,
(928) 360-6631,
(902) 234-9766,
(973) 731-5473,
(747) 412-8696,
(836) 606-6709,
(505) 838-5907,
(406) 540-6614,
(989) 588-4771,
(605) 882-5957,
(578) 674-8364,
(214) 893-5445,
(754) 435-5619,
(564) 367-6244,
(250) 971-1311,
(661) 884-6356,
(265) 616-1656,
(257) 337-7656,
(836) 416-7585,
(881) 608-1247,
(386) 652-1851,
(357) 527-5857,
(621) 361-5393,
(353) 945-4716,
(604) 464-5836,
(700) 313-8999,
(370) 974-2003,
(705) 586-4075,
(611) 823-4495,
(570) 442-4039,
(947) 977-6506,
(428) 849-5603,
(873) 500-5752,
(825) 822-5824,
(374) 730-3652,
(303) 971-9921,
(213) 503-7940,
(564) 788-8395,
(615) 403-9153,
(348) 680-3073,
(688) 788-5257,
(271) 743-9066,
(654) 349-7422,
(964) 748-3701,
(759) 981-6783,
(476) 365-2456,
(728) 526-7170,
(513) 815-7523,
(364) 797-3520,
(757) 443-7816,
(971) 452-4220,
(857) 667-9097,
(228) 294-9595,
(570) 381-6135,
(274) 808-9195,
(706) 530-3468,
(450) 402-3534,
(280) 440-8336,
(342) 292-8154,
(570) 844-4864,
(320) 828-5639,
(440) 437-7874,
(861) 899-8975,
(208) 809-9340,
(749) 689-5176,
(605) 279-3593,
(356) 484-4997,
(977) 460-1935,
(886) 838-5935,
(676) 536-8909,
(306) 654-7755,
(828) 411-1331,
(319) 990-7917,
(781) 593-7202,
(712) 360-5540,
(327) 610-8587,
(750) 874-4702,
(655) 529-6875,
(389) 398-9918,
(257) 340-2260,
(817) 568-9797,
(628) 678-8842,
(386) 993-7464,
(613) 761-1730,
(709) 228-9592,
(322) 726-5367,
(883) 836-7822,
(869) 972-4380,
(683) 244-6933,
(924) 805-6532,
(468) 309-7627,
(353) 872-5464,
(656) 455-6506,
(569) 225-9587,
(316) 258-7853,
(219) 410-5768,
(803) 957-2680,
(273) 346-8082,
(249) 669-4870,
(861) 693-7105,
(846) 613-1186,
(521) 529-3048,
(415) 482-2305,
(744) 307-4804,
(565) 575-9033,
(572) 357-9635,
(589) 929-2270,
(325) 814-8524,
(950) 239-2501,
(232) 972-9882,
(215) 984-8330,
(542) 508-7624,
(736) 799-6473,
(439) 512-3232,
(920) 370-2375,
(352) 767-2582,
(569) 937-2328,
(248) 302-9141,
(416) 292-7913,
(702) 284-7566,
(987) 947-2542,
(740) 776-6901,
(938) 810-3872,
(928) 207-4193,
(776) 745-9119,
(987) 462-4485,
(724) 413-7672,
(960) 713-4070,
(688) 410-7126,
(906) 577-7329,
(905) 638-1432,
(783) 959-5605,
(977) 807-2882,
(969) 428-7544,
(376) 812-7153,
(269) 246-4200,
(338) 382-2196,
(683) 801-6516,
(916) 708-6688,
(682) 989-6630,
(584) 955-5958,
(666) 424-3731,
(411) 352-9979,
(539) 712-8367,
(570) 318-9932,
(542) 868-1798,
(562) 991-2026,
(334) 548-1598,
(832) 474-4529,
(635) 875-4208,
(312) 252-4268,
(435) 824-2037,
(224) 903-1497,
(501) 265-9413,
(830) 727-9582,
(303) 668-8363,
(973) 375-5548,
(555) 427-7969,
(932) 694-6414,
(371) 273-6941,
(452) 961-1834,
(460) 862-6144,
(301) 923-6114,
(606) 861-7935,
(303) 628-2365,
(560) 936-6446,
(689) 828-9372,
(669) 358-6870,
(354) 513-1685,
(738) 616-3755,
(381) 619-9276,
(427) 658-5557,
(227) 549-5214,
(961) 583-9987,
(776) 781-7619,
(546) 557-6423,
(646) 312-8150,
(375) 491-2967,
(437) 429-3288,
(319) 337-8455,
(581) 755-3561,
(622) 869-6664,
(217) 898-7899,
(543) 929-8472,
(716) 935-1306,
(955) 509-6079,
(626) 959-3524,
(333) 281-8638,
(529) 452-3003,
(706) 613-4535,
(759) 746-7849,
(267) 759-4260,
(836) 714-1146,
(944) 399-4386,
(679) 352-8932,
(528) 228-8208,
(859) 785-6839,
(941) 943-3107,
(423) 889-4892,
(247) 549-5322,
(960) 377-1939,
(466) 912-6721,
(842) 728-5582,
(349) 562-9816,
(648) 834-5970,
(364) 830-7400,
(260) 950-2871,
(972) 913-6682,
(633) 297-4675,
(201) 409-6549,
(453) 635-9756,
(482) 351-8760,
(775) 715-7453,
(639) 523-9517,
(467) 212-2310,
(425) 452-4276,
(822) 875-3410,
(205) 521-4630,
(380) 252-3158,
(756) 502-2135,
(922) 402-5872,
(538) 626-9058,
(401) 857-4212,
(321) 385-2748,
(665) 689-5623,
(884) 970-4749,
(858) 620-3253,
(901) 944-1925,
(407) 992-9674,
(925) 912-9075,
(542) 264-5085,
(763) 628-2637,
(462) 221-4517,
(947) 508-2060,
(431) 249-4524,
(667) 983-9926,
(970) 719-3486,
(466) 621-2344,
(663) 955-9120,
(225) 597-4780,
(754) 530-3201,
(921) 257-9596,
(274) 465-5180,
(311) 818-5009,
(939) 488-2557,
(641) 406-7736,
(830) 446-3431,
(957) 871-5638,
(747) 496-4196,
(534) 338-5239,
(238) 635-7841,
(259) 837-5810,
(259) 332-1617,
(244) 936-1891,
(306) 796-1323,
(718) 511-8199,
(540) 377-3893,
(710) 438-7642,
(363) 625-8608,
(371) 582-8566,
(925) 387-2215,
(266) 937-8636,
(348) 946-4019,
(444) 762-3188,
(677) 589-7810,
(450) 736-8151,
(920) 832-9673,
(788) 805-4567,
(969) 637-2884,
(278) 683-3574,
(674) 267-9904,
(488) 339-7558,
(649) 383-7448,
(739) 560-5189,
(713) 917-7903,
(324) 309-2631,
(234) 210-9325,
(874) 263-9133,
(885) 330-4888,
(486) 363-8798,
(767) 563-4345,
(326) 831-7829,
(957) 492-1338,
(430) 556-9836,
(400) 665-8562,
(861) 969-2518,
(558) 759-5031,
(944) 357-3634,
(323) 359-8348,
(949) 621-1462,
(554) 769-5574,
(788) 394-6569,
(757) 305-4427,
(666) 974-4227,
(349) 896-4277,
(315) 259-6309,
(227) 452-3321,
(823) 910-4204,
(554) 772-1120,
(781) 316-4206,
(760) 292-5172,
(704) 741-4590,
(865) 318-4302,
(310) 676-8226,
(607) 257-7846,
(612) 906-8824,
(589) 775-6814,
(816) 561-9328,
(346) 781-5620,
(952) 824-4391,
(579) 681-2136,
(226) 552-8302,
(604) 693-7837,
(947) 498-3324,
(579) 516-7781,
(543) 719-2787,
(753) 222-2050,
(816) 313-9477,
(524) 718-4960,
(881) 626-9397,
(582) 684-2405,
(667) 269-6793,
(372) 789-8025,
(359) 689-4653,
(849) 323-5902,
(631) 756-5938,
(527) 427-1869,
(302) 244-6522,
(404) 513-1594,
(827) 713-3454,
(469) 453-9266,
(335) 674-7822,
(687) 632-8460,
(464) 521-2059,
(325) 366-4313,
(837) 769-9113,
(806) 603-2203,
(451) 993-7283,
(855) 280-8938,
(662) 924-6219,
(465) 894-3587,
(615) 291-8992,
(352) 843-7648,
(483) 376-4570,
(604) 703-5938,
(533) 966-9837,
(343) 656-5625,
(458) 504-5884,
(303) 425-9378,
(465) 608-7539,
(672) 979-6214,
(865) 572-8765,
(946) 526-9891,
(847) 774-9510,
(350) 863-2878,
(721) 220-1899,
(208) 587-6570,
(962) 493-8348,
(349) 512-8649,
(243) 210-7332,
(730) 667-6829,
(787) 316-8483,
(458) 944-6761,
(662) 843-2771,
(444) 263-9670,
(777) 906-3175,
(631) 592-4545,
(760) 502-3361,
(969) 343-6314,
(537) 856-4710,
(958) 771-6130,
(723) 808-2961,
(903) 734-2962,
(989) 964-2942,
(928) 831-7830,
(386) 592-1296,
(579) 694-4098,
(506) 951-8266,
(307) 384-9360,
(708) 967-6430,
(885) 804-9245,
(773) 838-7179,
(475) 587-6253,
(914) 864-9538,
(949) 444-4676,
(286) 950-1954,
(577) 518-5306,
(917) 648-4031,
(478) 287-1889,
(769) 846-4261,
(322) 773-5401,
(568) 374-3467,
(633) 819-9364,
(742) 580-7576,
(913) 857-7030,
(486) 461-3402,
(516) 570-6105,
(366) 239-9614,
(771) 955-9724,
(506) 962-3485,
(250) 417-3676,
(918) 979-6876,
(983) 533-6455,
(859) 383-5345,
(857) 946-3628,
(935) 496-9891,
(422) 565-7866,
(363) 830-9982,
(343) 952-2972,
(843) 915-9564,
(659) 248-2657,
(408) 416-2704,
(770) 465-4838,
(781) 203-6601,
(927) 386-1687,
(857) 604-6825,
(259) 654-4721,
(416) 402-6390,
(223) 260-5421,
(703) 318-8924,
(208) 592-1255,
(816) 835-5867,
(847) 314-8989,
(345) 974-7492,
(619) 808-2271,
(642) 366-8823,
(435) 808-2637,
(203) 943-4988,
(920) 441-6123,
(533) 521-8178,
(828) 402-6295,
(353) 672-3890,
(232) 645-4600,
(354) 430-5071,
(527) 518-6379,
(632) 474-1783,
(869) 432-6539,
(300) 669-7762,
(257) 714-1979,
(308) 578-8421,
(582) 989-7160,
(557) 294-8569,
(502) 694-2657,
(223) 881-6984,
(677) 641-6378,
(532) 271-6494,
(661) 795-3245,
(785) 462-5725,
(847) 314-4159,
(865) 391-7224,
(319) 851-4838,
(776) 869-9187,
(321) 658-1079,
(271) 507-4521,
(349) 315-8467,
(771) 347-1467,
(664) 589-3832,
(918) 763-7375,
(903) 305-5784,
(756) 393-4739,
(970) 503-4328,
(853) 204-2657,
(576) 967-7837,
(322) 984-1114,
(669) 859-1205,
(861) 882-5125,
(526) 418-4753,
(807) 883-6598,
(353) 605-3655,
(349) 238-9280,
(639) 341-5669,
(268) 631-5813,
(936) 284-2922,
(472) 775-2299,
(356) 695-5779,
(618) 637-4311,
(736) 419-6222,
(464) 854-7799,
(306) 824-5334,
(368) 395-7238,
(231) 499-7607,
(973) 793-9255,
(940) 706-5738,
(348) 804-7834,
(983) 737-7900,
(542) 761-1192,
(457) 348-7945,
(505) 670-8607,
(323) 767-5212,
(620) 493-6964,
(446) 978-1740,
(926) 728-4939,
(361) 956-7820,
(356) 624-6528,
(272) 262-6910,
(360) 218-6399,
(318) 223-3262,
(257) 226-6884,
(876) 777-3791,
(221) 912-6219,
(429) 518-2069,
(483) 320-2033,
(375) 877-8694,
(764) 561-6087,
(642) 671-6077,
(416) 625-6685,
(247) 541-8706,
(211) 989-5472,
(753) 476-3761,
(872) 901-7514,
(656) 583-9266,
(414) 429-7802,
(678) 772-5033,
(489) 678-7507,
(681) 810-9498,
(953) 504-6978,
(209) 352-4958,
(415) 594-9473,
(833) 273-5428,
(332) 238-6317,
(288) 746-3011,
(280) 652-9125,
(360) 513-9043,
(482) 717-4848,
(522) 390-4434,
(265) 365-5963,
(832) 945-4821,
(332) 330-5422,
(426) 790-2298,
(923) 327-4894,
(300) 818-7351,
(237) 876-8150,
(732) 957-6416,
(717) 513-8911,
(977) 470-4683,
(324) 563-2100,
(705) 699-6204,
(454) 954-8276,
(668) 912-2726,
(237) 213-7431,
(526) 652-1459,
(681) 229-7215,
(936) 687-5644,
(640) 657-5883,
(540) 210-3800,
(978) 361-3667,
(306) 516-6701,
(940) 432-6849,
(830) 402-9216,
(532) 239-2198,
(709) 366-4644,
(751) 657-8915,
(655) 615-9067,
(558) 971-7975,
(310) 810-8898,
(628) 271-4242,
(508) 252-3437,
(929) 529-4518,
(939) 980-9926,
(828) 463-4275,
(312) 844-5640,
(980) 254-6890,
(311) 865-6129,
(881) 665-2887,
(772) 537-8892,
(315) 642-3656,
(548) 867-9126,
(211) 221-6328,
(381) 927-3924,
(244) 232-7421,
(376) 513-1843,
(488) 569-7393,
(415) 454-4368,
(976) 929-7379,
(629) 383-2379,
(686) 905-2823,
(611) 462-8440,
(433) 503-8313,
(775) 786-3554,
(763) 883-1621,
(403) 881-2569,
(370) 346-4868,
(287) 348-3006,
(513) 675-7588,
(850) 695-6062,
(977) 291-1620,
(559) 801-3270,
(811) 807-9923,
(703) 283-5252,
(661) 380-8875,
(910) 769-3397,
(481) 905-5079,
(665) 910-5552,
(656) 660-4755,
(906) 895-6406,
(908) 601-4907,
(226) 931-4829,
(212) 711-8310,
(937) 646-4929,
(921) 656-9040,
(251) 834-8479,
(652) 929-4829,
(802) 654-8645,
(706) 408-7088,
(364) 821-9847,
(906) 886-2832,
(231) 321-8874,
(563) 472-7615,
(702) 705-5423,
(783) 650-3906,
(558) 868-5396,
(223) 347-1838,
(982) 501-3562,
(220) 719-8760,
(300) 636-4767,
(484) 816-6254,
(345) 968-1342,
(581) 854-2405,
(288) 452-2657,
(550) 674-5166,
(761) 318-8616,
(931) 480-4529,
(536) 436-8577,
(962) 970-4602,
(826) 809-3910,
(332) 273-6686,
(718) 407-4696,
(740) 588-9344,
(282) 290-3334,
(569) 321-8426,
(757) 757-5014,
(810) 722-1381,
(476) 387-5435,
(654) 789-4666,
(243) 953-2276,
(533) 942-1144,
(954) 275-4895,
(789) 250-9668,
(942) 704-3904,
(288) 713-7613,
(557) 700-2834,
(532) 670-9782,
(604) 421-8053,
(781) 432-9439,
(674) 236-4622,
(726) 931-7097,
(462) 854-8219,
(711) 508-1865,
(962) 802-4830,
(981) 434-2641,
(465) 263-4711,
(617) 907-1706,
(247) 290-3879,
(413) 672-6207,
(645) 240-6460,
(782) 233-2935,
(306) 620-5541,
(408) 911-6686,
(360) 222-8802,
(575) 535-3960,
(235) 963-9129,
(763) 232-5530,
(943) 985-8286,
(427) 338-1002,
(228) 486-1215,
(752) 801-8714,
(569) 846-4543,
(219) 843-5982,
(503) 819-2752,
(315) 335-2860,
(669) 237-5075,
(704) 245-4696,
(509) 840-8043,
(902) 268-1587,
(801) 862-7709,
(305) 874-7231,
(970) 805-6854,
(564) 551-9047,
(737) 446-1809,
(240) 893-6352,
(549) 311-9625,
(772) 869-2013,
(211) 897-3696,
(924) 708-6611,
(928) 359-3163,
(311) 554-2163,
(643) 253-2785,
(331) 846-3772,
(744) 288-8431,
(472) 361-4285,
(576) 237-3314,
(400) 782-2725,
(903) 721-6979,
(980) 500-9028,
(917) 717-4393,
(478) 844-9434,
(841) 363-5988,
(972) 902-4649,
(712) 900-2511,
(335) 343-5319,
(812) 912-1534,
(865) 906-3192,
(858) 618-5417,
(768) 403-7644,
(314) 500-2918,
(327) 455-9135,
(577) 543-3079,
(500) 236-7255,
(446) 430-1394,
(845) 774-3472,
(505) 902-1717,
(603) 734-4179,
(926) 364-5531,
(963) 770-4512,
(727) 632-7610,
(558) 567-9022,
(536) 822-5242,
(364) 373-8061,
(862) 383-6752,
(362) 740-7935,
(300) 202-9460,
(640) 480-1757,
(331) 326-8918,
(347) 839-9694,
(511) 939-5536,
(924) 427-4962,
(680) 705-9356,
(735) 568-1396,
(468) 827-2957,
(567) 502-6488,
(631) 743-8436,
(272) 349-1516,
(531) 686-3692,
(653) 865-5093,
(538) 638-9753,
(902) 673-8327,
(312) 897-3401,
(570) 224-8323,
(863) 261-1014,
(372) 344-9252,
(764) 636-5709,
(772) 461-7810,
(981) 412-5245,
(539) 697-7217,
(500) 543-6517,
(788) 641-1275,
(701) 996-5418,
(748) 544-8320,
(411) 597-3882,
(454) 470-2060,
(972) 852-4055,
(878) 934-9934,
(703) 430-3037,
(608) 930-6208,
(765) 609-7140,
(842) 441-9965,
(864) 736-1854,
(542) 925-2063,
(922) 640-4933,
(832) 546-1783,
(962) 580-7915,
(300) 350-3586,
(967) 843-7988,
(705) 267-1421,
(847) 517-6058,
(544) 263-2704,
(485) 589-7636,
(476) 207-6617,
(424) 688-4066,
(817) 873-8059,
(878) 892-2356,
(717) 488-2568,
(526) 426-9832,
(809) 303-6382,
(268) 651-2685,
(511) 413-7014,
(448) 327-5645,
(340) 745-4644,
(682) 583-4832,
(942) 969-9395,
(744) 959-6797,
(461) 734-4303,
(771) 440-1506,
(679) 243-6134,
(631) 636-2594,
(931) 573-4386,
(484) 245-7805,
(755) 844-4534,
(966) 822-1851,
(283) 797-9189,
(200) 984-4864,
(861) 781-3196,
(335) 574-6053,
(715) 978-2545,
(818) 462-2978,
(909) 761-7738,
(858) 694-2201,
(671) 487-4972,
(767) 927-8234,
(409) 899-2652,
(405) 331-5626,
(773) 303-7792,
(969) 688-4903,
(309) 836-5923,
(614) 230-7101,
(746) 437-4656,
(675) 545-4686,
(569) 883-7081,
(429) 302-2075,
(467) 990-2770,
(431) 653-7563,
(821) 775-1574,
(612) 393-8962,
(727) 615-2569,
(264) 343-2742,
(946) 704-5941,
(863) 200-1952,
(824) 791-1800,
(942) 237-9091,
(276) 719-7507,
(621) 686-3400,
(642) 795-8901,
(945) 866-9084,
(558) 899-5077,
(322) 620-4209,
(675) 949-9305,
(239) 377-4495,
(318) 689-3539,
(858) 226-5213,
(836) 712-7322,
(967) 881-9531,
(647) 882-3681,
(757) 713-8102,
(202) 863-5177,
(353) 641-6619,
(335) 928-7722,
(458) 542-7371,
(666) 285-5458,
(570) 670-4645,
(266) 634-6023,
(540) 328-4207,
(876) 490-5531,
(226) 629-4548,
(405) 272-6180,
(613) 909-5710,
(972) 786-7535,
(752) 442-7688,
(867) 584-3336,
(980) 652-8813,
(872) 378-3531,
(503) 473-7043,
(941) 379-8289,
(338) 911-9568,
(746) 525-4631,
(424) 311-9833,
(683) 331-3461,
(456) 521-3060,
(548) 846-7477,
(317) 879-5425,
(923) 213-4115,
(332) 754-7986,
(444) 949-5824,
(612) 367-7321,
(705) 926-9068,
(901) 985-5384,
(337) 494-3387,
(476) 241-3255,
(220) 767-4989,
(604) 664-6562,
(950) 534-4427,
(238) 785-2676,
(949) 649-5307,
(264) 883-7744,
(436) 435-9955,
(384) 326-7373,
(700) 201-5043,
(773) 804-9015,
(504) 222-2283,
(515) 854-3456,
(445) 966-8499,
(737) 218-4072,
(765) 257-3380,
(930) 751-4464,
(521) 496-3040,
(908) 940-5046,
(211) 861-1873,
(728) 882-5211,
(200) 824-5879,
(306) 461-3051,
(636) 693-8803,
(478) 439-9692,
(961) 224-3790,
(722) 898-3916,
(676) 972-6161,
(750) 702-2990,
(757) 565-6758,
(714) 850-7837,
(926) 537-2087,
(516) 374-9382,
(669) 252-3159,
(529) 326-1436,
(864) 697-8597,
(263) 837-2812,
(359) 916-7866,
(302) 840-9635,
(211) 441-6958,
(360) 497-7645,
(865) 742-8507,
(510) 855-8049,
(470) 426-2000,
(601) 581-7146,
(977) 478-3903,
(838) 828-7760,
(600) 913-3722,
(306) 595-9097,
(328) 234-6550,
(347) 522-2114,
(687) 888-4688,
(906) 754-2389,
(242) 727-1985,
(554) 557-9613,
(619) 534-3548,
(748) 383-1534,
(287) 795-3594,
(572) 361-4461,
(779) 291-3061,
(264) 986-8030,
(402) 939-3418,
(538) 877-4839,
(954) 797-6011,
(500) 852-7480,
(745) 535-6331,
(665) 494-2701,
(611) 828-5912,
(871) 696-7030,
(547) 549-1138,
(531) 304-5272,
(322) 785-8972,
(743) 916-3539,
(520) 228-4640,
(209) 766-1626,
(944) 402-2389,
(726) 797-8704,
(507) 635-6304,
(924) 479-4564,
(618) 979-6955,
(381) 809-3687,
(241) 268-1968,
(642) 762-4193,
(437) 773-4802,
(330) 790-3425,
(786) 518-9872,
(825) 810-1272,
(746) 426-2043,
(653) 413-5540,
(975) 832-2056,
(983) 981-8415,
(554) 803-4155,
(759) 438-4854,
(626) 708-3054,
(337) 215-4167,
(820) 686-6349,
(916) 917-9378,
(958) 475-2959,
(481) 566-8136,
(905) 799-1545,
(636) 962-7641,
(579) 230-4362,
(848) 523-9583,
(856) 556-3737,
(777) 984-4228,
(201) 724-4820,
(689) 978-8403,
(304) 261-1753,
(522) 652-1361,
(687) 265-9013,
(787) 879-2413,
(762) 870-8669,
(281) 645-4672,
(773) 305-7281,
(764) 927-5855,
(988) 869-4582,
(289) 238-9539,
(878) 460-3218,
(457) 223-8771,
(745) 959-1535,
(808) 868-2450,
(772) 429-1155,
(743) 443-4667,
(954) 623-1662,
(425) 493-7905,
(534) 581-8166,
(685) 931-3000,
(230) 823-6018,
(883) 989-6119,
(227) 340-3982,
(783) 976-6441,
(620) 267-7446,
(631) 952-3526,
(381) 400-5150,
(454) 679-3356,
(625) 692-7880,
(400) 743-5122,
(448) 647-6353,
(384) 281-7176,
(877) 504-9832,
(548) 821-7499,
(272) 206-9361,
(931) 498-4163,
(562) 485-7667,
(989) 747-1603,
(478) 388-2193,
(665) 616-3736,
(285) 918-5416,
(636) 945-4773,
(939) 897-1051,
(747) 849-8886,
(384) 447-7882,
(938) 947-3705,
(247) 714-5903,
(774) 469-8638,
(853) 644-1862,
(411) 263-3380,
(805) 440-1525,
(964) 424-7225,
(974) 939-5560,
(579) 543-3354,
(339) 445-7325,
(426) 777-8722,
(355) 426-7138,
(225) 537-4933,
(410) 612-6664,
(508) 811-1301,
(608) 674-1236,
(852) 878-7184,
(853) 263-7157,
(419) 994-7018,
(904) 531-6929,
(253) 200-6699,
(665) 314-7097,
(849) 959-1137,
(464) 233-5135,
(478) 810-2630,
(449) 311-5970,
(947) 528-4547,
(348) 779-4020,
(611) 450-8101,
(766) 681-9985,
(403) 485-2728,
(886) 733-1284,
(787) 960-2111,
(875) 688-3078,
(587) 274-9585,
(953) 709-6786,
(617) 299-8263,
(326) 953-9703,
(977) 821-1314,
(751) 652-2362,
(820) 625-7976,
(771) 346-9119,
(663) 842-4597,
(409) 741-8324,
(525) 981-5377,
(983) 695-7779,
(835) 808-1482,
(852) 909-3842,
(403) 299-8294,
(806) 302-5602,
(323) 907-2973,
(930) 725-6331,
(252) 940-1358,
(349) 888-9633,
(424) 658-7426,
(845) 810-5459,
(413) 537-3480,
(866) 298-1600,
(807) 929-6667,
(413) 270-1307,
(745) 529-7052,
(845) 915-3281,
(333) 858-8166,
(910) 589-4423,
(206) 760-8483,
(425) 313-6303,
(650) 611-4566,
(647) 325-9611,
(370) 675-6200,
(747) 641-7879,
(804) 342-9157,
(734) 678-4939,
(288) 250-6515,
(241) 824-9992,
(783) 951-9520,
(449) 495-6687,
(749) 352-8076,
(427) 539-4595,
(301) 691-1878,
(208) 728-1498,
(969) 416-7285,
(942) 262-5875,
(719) 800-9309,
(775) 617-5093,
(315) 613-5944,
(501) 660-8955,
(227) 312-5464,
(567) 948-2358,
(958) 924-1125,
(605) 957-5783,
(335) 493-4766,
(232) 247-1345,
(649) 658-8645,
(572) 744-3121,
(605) 995-7780,
(248) 622-1383,
(983) 947-9821,
(217) 782-6980,
(672) 989-1939,
(384) 239-6658,
(954) 890-3452,
(370) 776-9256,
(478) 547-3328,
(605) 838-7098,
(810) 906-1747,
(965) 208-3812,
(827) 342-9591,
(951) 734-3117,
(980) 717-5166,
(301) 346-3701,
(733) 912-3538,
(555) 605-4572,
(538) 753-1936,
(243) 616-1698,
(936) 936-1848,
(614) 890-5085,
(929) 574-5763,
(501) 324-9977,
(753) 841-6668,
(411) 514-3412,
(488) 907-5783,
(867) 952-8543,
(868) 380-4866,
(215) 459-4332,
(953) 767-2341,
(502) 499-5365,
(672) 615-5807,
(567) 639-6593,
(716) 618-3495,
(222) 535-8307,
(407) 754-7834,
(661) 774-4586,
(928) 890-8536,
(879) 207-5903,
(666) 379-4339,
(487) 881-4373,
(661) 677-2242,
(809) 455-6694,
(379) 279-7520,
(737) 958-7544,
(485) 502-6299,
(257) 544-9641,
(921) 903-1990,
(258) 438-1510,
(531) 586-8698,
(642) 463-3197,
(367) 212-3855,
(731) 522-1408,
(835) 410-9542,
(778) 416-8739,
(955) 713-2935,
(373) 369-9867,
(442) 845-9546,
(238) 606-9893,
(488) 470-6499,
(924) 204-6114,
(501) 683-3605,
(349) 594-4239,
(200) 652-4469,
(438) 635-2435,
(758) 844-8476,
(363) 651-9721,
(272) 376-8585,
(330) 606-5528,
(512) 982-3778,
(522) 208-4443,
(251) 820-5011,
