barLicense,Item_ID,Price,Inventory
BL700,IT2405,5,645
BL357,IT4278,10,525
BL928,IT0995,7,751
BL872,IT2214,10,918
BL579,IT7897,7,608
BL545,IT5698,7,541
BL948,IT9748,7,858
BL946,IT6801,5,514
BL091,IT7202,8,872
BL937,IT0022,7,938
BL652,IT4430,6,500
BL043,IT8133,10,513
BL675,IT0132,10,869
BL109,IT9294,10,584
BL634,IT1530,10,665
BL122,IT8977,6,661
BL506,IT8362,6,593
BL664,IT7630,9,753
BL011,IT4956,7,624
BL218,IT1712,9,787
BL937,IT9223,8,797
BL012,IT9912,10,708
BL700,IT1772,8,640
BL420,IT6750,6,885
null,IT9028,8,734
BL992,IT8977,7,598
BL317,IT8842,8,896
BL842,IT2374,9,896
BL092,IT9099,7,563
BL571,IT4257,6,670
BL265,IT4258,5,658
BL700,IT0568,10,881
BL194,IT6961,9,506
BL593,IT9444,10,751
BL880,IT8133,8,585
BL386,IT3428,6,947
BL091,IT1381,10,849
BL189,IT2125,5,795
BL170,IT6678,8,756
BL895,IT8519,8,809
BL719,IT8818,9,554
BL486,IT6807,10,938
BL907,IT8265,9,844
BL622,IT5459,5,595
BL914,IT8977,8,573
BL226,IT6365,10,857
BL610,IT5362,5,516
BL933,IT1436,5,679
BL091,IT1859,7,689
BL374,IT0623,9,631
BL971,IT6967,9,946
BL475,IT2320,8,732
BL076,IT8745,8,979
BL696,IT7911,9,813
BL715,IT2577,10,711
BL307,IT7265,5,938
BL619,IT0426,6,934
BL949,IT0523,10,710
BL134,IT7676,7,871
BL179,IT4169,8,563
BL813,IT7737,6,769
BL806,IT2328,7,658
BL980,IT1108,10,587
BL972,IT2840,9,918
BL108,IT8076,5,692
BL930,IT7076,8,607
BL481,IT2190,10,813
BL541,IT4777,5,898
BL733,IT2451,10,569
BL928,IT8478,9,626
BL948,IT2405,10,873
BL553,IT0623,6,691
BL331,IT1471,10,991
BL484,IT2946,7,742
BL636,IT0740,5,863
BL865,IT8065,7,889
BL639,IT7515,6,842
BL948,IT0243,9,694
BL559,IT7897,6,628
BL117,IT7706,5,810
BL298,IT9317,5,963
BL402,IT5867,5,895
BL076,IT9240,9,683
BL332,IT6396,8,695
BL136,IT0217,8,815
BL298,IT9317,10,977
BL051,IT7076,8,524
BL461,IT0050,5,739
BL919,IT9371,10,977
BL661,IT7624,7,646
BL571,IT4618,9,579
BL402,IT1356,9,551
BL877,IT2954,5,970
BL468,IT6053,9,837
BL215,IT9324,10,738
BL800,IT6348,8,906
BL484,IT6619,8,708
BL143,IT0568,9,509
BL877,IT2188,6,662
BL544,IT9328,6,679
BL714,IT0019,6,562
BL119,IT8425,5,642
BL484,IT7440,8,891
BL340,IT9912,9,970
BL145,IT7715,8,756
BL928,IT6827,5,537
BL836,IT1244,10,961
BL226,IT6961,10,550
BL402,IT8501,7,770
BL583,IT3823,5,502
BL296,IT8282,7,661
BL792,IT1976,9,537
BL564,IT3164,8,810
BL389,IT5742,8,562
BL057,IT1325,7,562
BL034,IT5170,6,866
BL231,IT7676,10,674
BL300,IT1436,10,761
BL714,IT5228,6,844
BL715,IT2591,8,774
BL104,IT7419,10,500
BL941,IT0078,10,523
BL380,IT1108,10,722
BL971,IT6965,9,892
BL022,IT6131,10,569
BL462,IT7875,8,859
BL593,IT5379,6,857
BL821,IT0317,9,621
BL382,IT7740,9,547
BL972,IT4735,10,640
BL659,IT8003,5,555
BL868,IT2860,5,511
BL162,IT0523,9,741
BL634,IT5379,7,749
BL597,IT7899,8,968
BL395,IT1799,5,779
BL320,IT1887,7,781
BL239,IT7406,7,524
BL338,IT8842,10,818
BL545,IT9240,9,902
BL661,IT5256,10,512
BL907,IT2940,8,838
BL736,IT8063,10,540
BL336,IT0288,7,906
BL664,IT8003,7,751
BL530,IT4855,9,574
BL646,IT7701,7,558
BL091,IT0266,7,921
BL166,IT7102,8,924
BL928,IT8893,5,900
BL087,IT3378,6,963
BL725,IT8500,6,523
BL456,IT9181,9,558
BL170,IT1978,7,837
BL878,IT7283,7,683
BL893,IT4257,8,790
BL322,IT2226,6,704
BL948,IT7875,10,753
BL544,IT0072,7,542
BL047,IT8076,5,741
BL921,IT6602,9,810
BL827,IT6748,9,546
BL657,IT6642,10,816
BL808,IT3339,8,689
BL792,IT6123,6,583
BL328,IT4552,10,871
BL468,IT6946,9,977
BL070,IT4256,9,630
BL492,IT8976,6,739
BL657,IT5522,9,784
BL898,IT8360,7,590
BL675,IT8285,9,967
BL134,IT7436,8,800
BL914,IT1335,9,562
BL062,IT4923,7,751
BL058,IT1249,8,562
BL486,IT6280,9,662
BL800,IT7421,9,925
BL220,IT4832,8,777
BL416,IT6348,9,832
BL921,IT7252,10,587
BL544,IT6801,10,873
BL872,IT6827,5,832
BL076,IT9482,5,526
BL665,IT0078,8,871
BL436,IT8696,8,970
BL937,IT0599,9,665
BL167,IT4827,7,814
BL328,IT3119,8,568
BL114,IT2451,10,885
BL105,IT5705,6,587
BL480,IT6989,8,724
BL830,IT0019,5,523
BL371,IT4985,5,776
BL797,IT6822,10,642
BL093,IT6602,6,858
BL298,IT4169,10,623
BL534,IT4499,8,759
BL948,IT3075,7,541
BL534,IT8842,7,715
BL193,IT4956,8,732
BL559,IT5994,5,593
BL407,IT5976,6,847
BL836,IT2840,6,685
BL655,IT6897,5,795
BL801,IT4430,5,770
BL189,IT7893,8,888
BL151,IT9485,6,739
BL421,IT9452,6,662
BL472,IT3972,9,568
BL636,IT0375,9,902
BL146,IT9291,6,871
BL057,IT7879,7,526
BL034,IT2328,9,521
BL661,IT3428,10,650
BL941,IT2954,7,602
BL744,IT2969,8,745
BL924,IT6053,8,759
BL357,IT8745,10,844
BL923,IT8952,8,923
BL980,IT8322,9,624
BL475,IT0828,6,872
BL036,IT7879,7,854
BL526,IT7701,8,865
BL922,IT1511,8,648
BL462,IT5698,6,865
BL973,IT9523,7,573
BL806,IT6123,5,923
BL486,IT4044,10,704
BL322,IT3944,6,846
BL614,IT4772,5,800
BL676,IT8922,9,749
BL662,IT4108,9,825
BL340,IT0922,6,556
BL744,IT6801,6,579
BL972,IT9294,5,889
BL215,IT6827,8,526
BL443,IT7406,9,888
BL302,IT4169,6,628
BL763,IT4789,7,837
BL332,IT9550,9,659
BL524,IT8842,7,745
BL248,IT4738,8,646
BL544,IT1812,8,691
BL532,IT8818,9,816
BL657,IT2251,6,584
BL009,IT6162,8,784
BL479,IT2233,10,653
BL545,IT7877,9,837
BL460,IT1261,8,777
BL616,IT0050,6,770
BL688,IT2266,8,661
BL951,IT8265,10,859
BL744,IT8977,9,646
BL622,IT5379,6,934
BL948,IT4742,9,708
BL655,IT7307,5,843
BL258,IT9853,8,528
BL140,IT9181,10,936
BL475,IT6156,7,815
BL461,IT5170,7,846
BL725,IT4386,10,695
BL512,IT9042,10,656
BL532,IT0528,9,670
BL657,IT9240,7,925
BL515,IT1775,10,625
BL640,IT0519,9,825
BL026,IT6757,10,866
BL501,IT6415,7,609
BL113,IT8825,6,631
BL028,IT6642,7,549
BL377,IT7877,8,581
BL611,IT8003,9,846
BL005,IT6134,5,700
BL640,IT6642,9,888
BL831,IT5440,10,787
BL872,IT9851,10,903
BL118,IT9328,5,906
BL716,IT3737,7,906
BL316,IT4827,9,805
BL338,IT6068,10,977
BL492,IT0125,8,741
BL526,IT0931,6,689
BL715,IT2214,8,968
BL033,IT1249,9,534
BL486,IT5459,10,956
BL719,IT0309,6,726
BL821,IT8459,5,880
BL316,IT4386,9,947
BL460,IT5553,6,885
BL032,IT9240,6,611
BL534,IT8081,10,763
BL167,IT7897,9,759
BL158,IT1108,8,569
BL982,IT4298,5,824
BL668,IT2264,10,572
BL577,IT8260,10,795
BL164,IT1961,10,873
BL370,IT0677,10,934
BL660,IT6396,10,658
BL189,IT7945,10,957
BL541,IT4552,9,881
BL991,IT5865,8,675
BL924,IT4370,8,828
BL877,IT6999,5,817
BL899,IT1436,5,723
BL810,IT9189,6,732
BL011,IT3593,8,683
BL893,IT3327,9,759
BL486,IT7259,8,856
BL183,IT7897,8,869
BL486,IT4552,6,828
BL656,IT8523,10,761
BL060,IT0768,7,678
BL808,IT6981,5,581
BL285,IT5933,6,889
BL167,IT6822,7,686
BL377,IT1511,8,665
BL520,IT5570,7,720
BL962,IT5994,5,581
BL020,IT6156,10,832
BL665,IT3378,9,787
BL780,IT5763,10,678
BL572,IT8063,8,556
BL139,IT2391,8,665
BL504,IT3203,9,903
BL028,IT1156,8,727
BL752,IT4430,7,898
BL673,IT4908,5,537
BL060,IT3371,7,601
BL922,IT1939,10,610
BL036,IT4355,9,672
BL374,IT5522,6,530
BL296,IT8308,6,918
BL719,IT4985,6,690
BL136,IT8003,7,685
BL536,IT5732,8,977
BL480,IT4258,7,627
BL831,IT7598,9,846
BL057,IT4832,8,729
BL660,IT8842,8,787
BL842,IT6897,7,565
BL022,IT6134,7,871
BL484,IT0594,7,664
BL821,IT5925,8,827
BL583,IT0288,5,895
BL532,IT1859,10,710
BL384,IT0797,9,546
BL659,IT3912,7,726
BL472,IT7097,8,858
BL189,IT3696,8,764
BL480,IT3206,5,675
BL337,IT2969,9,818
BL093,IT0696,9,587
BL713,IT8883,7,872
BL716,IT5101,7,787
BL495,IT6396,8,891
BL946,IT0838,10,562
BL515,IT4951,6,741
BL504,IT4273,10,920
BL658,IT4004,5,925
BL374,IT8818,8,631
BL104,IT8896,7,940
BL479,IT5234,5,787
BL461,IT8683,10,509
BL090,IT6728,7,957
BL898,IT9150,5,601
BL076,IT2451,9,946
BL461,IT0332,6,734
BL331,IT2860,10,661
BL484,IT8683,7,949
BL211,IT3696,8,781
BL010,IT4951,7,708
BL831,IT5865,8,828
BL558,IT7676,9,667
BL765,IT0523,8,508
BL907,IT4370,8,584
BL980,IT4598,7,889
BL950,IT4828,9,587
BL495,IT1057,9,579
BL402,IT9687,10,528
BL357,IT3412,6,787
BL461,IT8282,10,953
BL127,IT1317,8,558
BL530,IT6807,9,764
BL097,IT5870,8,514
BL913,IT3417,10,813
BL928,IT4830,9,601
BL577,IT0426,10,684
BL909,IT6053,9,844
BL194,IT9764,8,692
BL728,IT7741,7,591
BL359,IT8069,5,664
BL316,IT5561,6,871
BL028,IT9318,10,658
BL948,IT6680,9,789
BL102,IT3364,8,844
BL421,IT2491,6,957
BL661,IT8523,5,918
BL713,IT3838,10,827
BL462,IT0599,5,872
BL656,IT1530,5,879
BL478,IT2451,10,827
BL752,IT9749,9,516
BL173,IT1750,7,542
BL332,IT7202,5,677
BL384,IT0740,5,993
BL928,IT6001,7,742
BL258,IT1370,9,954
BL460,IT7319,5,540
BL143,IT0317,9,704
BL337,IT5742,9,751
BL745,IT2190,7,691
BL337,IT3299,8,860
BL461,IT5089,5,621
BL242,IT9294,10,665
BL486,IT7090,6,964
BL108,IT6367,7,888
BL947,IT3346,5,787
BL665,IT0227,10,724
BL791,IT1961,7,963
BL102,IT9282,8,631
BL402,IT1961,6,794
BL336,IT7283,10,510
BL481,IT0740,10,509
BL492,IT3668,5,896
BL062,IT2969,6,882
BL646,IT0851,7,918
BL874,IT8081,5,709
BL842,IT9806,10,909
BL058,IT2125,8,818
BL924,IT5870,7,689
BL512,IT1976,10,587
BL359,IT5570,7,595
BL298,IT6717,9,593
BL937,IT6178,6,846
BL604,IT4509,9,934
BL914,IT6946,7,723
BL515,IT0266,8,597
BL542,IT0492,8,684
BL576,IT0317,9,835
BL020,IT0740,5,990
BL728,IT4956,10,915
BL337,IT8745,8,891
BL227,IT5742,8,879
BL728,IT7701,7,573
BL783,IT0317,8,860
BL948,IT7507,10,936
BL004,IT1814,9,857
BL064,IT7177,9,577
BL355,IT9282,8,692
BL700,IT9371,6,873
BL145,IT8478,9,582
BL322,IT3203,6,751
BL592,IT9150,6,608
BL715,IT3670,9,530
BL777,IT6135,10,534
BL111,IT6680,8,847
BL127,IT3378,7,537
BL530,IT9600,9,649
BL114,IT3007,9,987
BL097,IT1772,7,665
BL808,IT7102,8,860
BL976,IT4585,6,797
BL744,IT8834,9,587
BL125,IT4777,10,945
BL108,IT0072,9,658
BL781,IT4598,8,645
BL239,IT5459,6,745
BL064,IT4772,7,882
BL162,IT9852,6,500
BL259,IT8582,10,587
BL024,IT2505,10,647
BL928,IT5700,5,665
BL850,IT9852,9,672
BL950,IT4862,8,953
BL026,IT4735,7,558
BL384,IT4411,10,723
BL914,IT1536,8,846
BL380,IT1249,5,846
BL151,IT7319,8,516
BL322,IT8990,9,880
BL183,IT5863,9,651
BL515,IT7233,5,809
BL328,IT0078,8,587
BL531,IT9938,6,558
BL899,IT1840,9,607
BL033,IT4704,5,959
BL475,IT3912,6,656
BL980,IT4911,10,781
BL193,IT6930,10,853
BL324,IT0363,8,858
BL407,IT0125,6,569
BL937,IT8543,5,726
BL610,IT0623,6,898
BL615,IT8738,8,909
BL259,null,5,558
BL444,IT7202,7,751
BL992,IT6678,10,627
BL877,IT1518,5,918
BL111,IT7814,7,729
BL946,IT4392,7,860
BL781,IT8081,5,990
BL593,IT6837,8,502
BL076,IT3974,6,627
BL584,IT0082,6,881
BL591,IT0797,10,729
BL248,IT7233,7,938
BL865,IT3203,6,921
BL506,IT3619,7,513
BL767,IT6946,5,846
BL242,IT5101,10,593
BL091,IT4193,6,729
BL164,IT7212,7,691
BL538,IT8308,8,676
BL316,IT1968,8,857
BL421,IT3346,6,788
BL259,IT3206,6,575
BL047,IT9523,7,813
BL800,IT3378,8,749
BL661,IT7857,9,685
BL086,IT0227,8,709
BL125,IT8076,9,918
BL615,IT1511,5,715
BL806,IT8065,7,858
BL583,IT6801,7,906
BL831,IT1969,5,734
BL013,IT3226,8,800
BL656,IT5522,7,530
BL105,IT7090,5,523
BL084,IT3853,8,601
BL189,IT7319,10,746
BL831,IT2837,7,651
BL842,IT7630,5,936
BL380,IT4895,8,970
BL660,IT1536,5,896
BL471,IT7202,10,676
BL489,IT3371,6,800
BL872,IT1381,10,773
BL531,IT9217,7,922
BL842,IT7893,10,646
BL092,IT9599,8,665
BL022,IT2226,8,719
BL108,IT7740,10,813
BL108,IT9851,7,751
BL173,IT6876,7,915
BL948,IT4429,5,516
BL336,IT8342,10,582
BL480,IT7102,5,516
BL438,IT8182,9,992
BL293,IT0828,5,610
BL036,IT2328,7,506
BL485,IT4496,7,704
BL656,IT0397,8,854
BL583,IT7715,9,662
BL579,IT1763,5,813
BL610,IT8322,8,968
BL655,IT3371,9,959
BL656,IT2692,6,739
BL460,IT4758,8,885
BL914,IT7676,6,827
BL024,IT7814,7,760
BL024,IT6921,7,523
BL022,IT1976,10,987
BL688,IT8308,8,943
BL806,IT5732,6,987
BL865,IT8076,9,551
BL800,IT2405,8,832
BL657,IT5933,8,900
BL444,IT1074,8,871
BL087,IT2025,8,608
BL947,IT9294,6,977
BL895,IT5611,5,516
BL492,IT7690,9,760
BL558,IT6921,7,933
BL623,IT2692,7,534
BL047,IT3164,7,780
BL508,IT6967,8,849
BL850,IT6999,10,626
BL593,IT5090,7,607
BL407,IT3069,8,524
BL745,IT3119,6,924
BL810,IT6906,9,957
BL438,IT7341,9,526
BL583,IT9485,7,883
BL947,IT7507,8,601
BL673,IT9328,6,665
BL142,IT5944,10,919
BL783,IT8308,8,734
BL831,IT9853,10,794
BL800,IT0931,10,661
BL480,IT0931,10,992
BL914,IT4618,10,965
BL923,IT3619,9,902
BL194,IT1939,8,934
BL623,IT3327,7,752
BL134,IT0217,10,624
BL954,IT8190,10,921
BL700,IT9524,10,837
BL359,IT7741,9,742
BL126,IT6921,10,871
BL420,IT3119,9,537
BL941,IT3214,7,837
BL800,IT1968,9,693
BL293,IT2983,5,909
BL530,IT5532,10,537
BL591,IT8442,7,827
BL436,IT3944,6,649
BL872,IT1317,5,938
BL085,IT1887,9,843
BL239,IT2134,8,728
BL389,IT1887,6,858
BL042,IT0426,9,759
BL947,IT6035,7,961
BL783,IT5863,7,777
BL014,IT0317,5,646
BL288,IT6156,6,892
BL914,IT7857,6,608
BL665,IT2391,6,978
BL683,IT9834,7,990
BL316,IT0003,10,889
BL947,IT2778,8,856
BL631,IT0917,8,557
BL332,IT3183,10,961
BL001,IT0656,10,825
BL584,IT7102,5,574
BL937,IT0540,9,809
BL770,IT0582,6,934
BL534,IT4551,10,734
BL638,IT7972,10,915
BL719,IT4530,8,537
BL584,IT8009,6,810
BL049,IT3069,6,670
BL636,IT6807,8,569
BL894,IT2311,10,943
BL541,IT6742,9,678
BL593,IT2534,10,921
BL359,IT8619,5,502
BL553,IT5611,10,857
BL504,IT2920,6,541
BL108,IT1750,5,810
BL051,IT9371,7,537
BL036,IT0696,10,871
BL328,IT4193,7,523
BL907,IT8065,8,957
BL919,IT4895,9,502
BL951,IT2676,10,957
BL618,IT6807,10,869
BL036,IT0922,5,800
BL031,IT4108,7,665
BL639,IT0426,6,611
BL899,IT4257,10,970
BL821,IT1898,8,667
BL377,IT4951,6,955
BL001,IT1662,7,725
BL139,IT4474,6,813
BL515,IT1859,10,562
BL850,IT6961,10,504
BL421,IT0227,6,943
BL478,IT2577,10,895
BL636,IT8362,10,729
BL359,IT1170,6,661
BL393,IT4704,10,915
BL371,IT1114,5,563
BL757,IT7039,6,788
BL370,IT9984,10,838
BL028,IT7406,9,828
BL862,IT4298,6,879
BL538,IT8585,8,748
BL468,IT7857,10,722
BL001,IT2264,7,719
BL874,IT6599,10,738
BL489,IT9834,8,765
BL278,IT7880,9,954
BL656,IT7598,10,959
BL126,IT4738,10,647
BL250,IT0568,7,889
BL683,IT6999,9,523
BL542,IT4137,5,977
BL042,IT8944,10,888
BL831,IT0397,6,510
BL688,IT6162,6,900
BL486,IT0022,9,790
BL524,IT5867,8,807
BL119,IT0917,10,883
BL836,IT7307,5,725
BL646,IT0620,8,569
BL928,IT6593,8,595
BL591,IT0677,7,526
BL338,IT5504,10,977
BL105,IT4585,6,902
BL530,IT6736,7,756
BL218,IT9764,8,730
BL665,IT7421,5,621
BL317,IT3481,5,871
BL894,IT4169,10,797
BL661,IT2101,8,741
BL895,IT3917,9,665
BL332,IT6247,8,682
BL084,IT2488,9,759
BL250,IT4668,6,660
BL480,IT7259,10,626
BL484,IT7715,9,842
BL665,IT9168,9,781
BL719,IT3696,6,689
BL572,IT8051,10,825
BL531,IT9471,9,501
BL134,IT0309,10,955
BL143,IT5459,6,871
BL534,IT9687,6,529
BL951,IT8842,9,524
BL520,IT8976,7,800
BL576,IT5291,7,742
BL364,IT7212,5,936
BL572,IT0397,5,557
BL183,IT3735,7,587
BL288,IT8282,5,780
BL361,IT1511,5,598
BL070,IT2266,7,524
BL937,IT3412,7,968
BL384,IT5742,6,742
BL091,IT5884,6,888
BL484,IT4411,10,777
BL850,IT8482,6,688
BL012,IT1261,6,810
BL060,IT8478,5,863
BL438,IT5664,8,636
BL486,IT2025,7,898
BL302,IT5379,6,914
BL265,IT2190,10,849
BL184,IT1593,9,972
BL036,IT1814,10,547
BL478,IT8190,6,789
BL579,IT6648,10,590
BL676,IT7337,7,911
BL486,IT0769,8,781
BL813,IT4137,7,611
BL534,IT7879,9,737
BL593,IT5005,9,641
BL752,IT0523,9,824
BL616,IT9452,7,990
BL610,IT2983,6,662
BL520,IT3944,6,880
BL713,IT9811,9,856
BL732,IT7090,9,729
BL233,IT6178,5,508
BL924,IT9687,10,509
BL709,IT7202,6,726
BL014,IT1325,6,922
BL827,IT8260,10,846
BL285,IT7307,7,596
BL941,IT8883,9,882
BL218,IT9550,9,954
BL868,IT8073,8,557
BL004,IT7097,7,689
BL780,IT8133,9,602
BL076,IT7039,5,827
BL340,IT9621,5,938
BL386,IT4298,9,993
BL105,IT2488,9,542
BL698,IT4951,10,925
BL364,IT0266,10,649
BL714,IT8076,7,658
BL831,IT9482,5,540
BL479,IT5459,5,725
BL307,IT4789,5,648
BL103,IT0266,8,640
BL109,IT6837,8,888
BL486,IT2554,7,685
BL947,IT1170,7,694
BL456,IT8976,8,675
BL792,IT9853,7,970
BL484,IT0492,8,554
BL616,IT5619,5,813
BL501,IT5351,8,956
BL948,IT6827,7,765
BL504,IT5742,6,883
BL797,IT4956,10,965
BL831,IT0227,8,746
BL980,IT9471,7,726
BL060,IT3944,6,685
BL837,IT7857,9,858
BL164,IT0917,6,524
BL062,IT8543,8,585
BL865,IT2101,9,936
BL536,IT2101,7,919
BL638,IT2190,5,686
BL973,IT6678,10,777
BL744,IT8500,10,551
BL311,IT7676,8,523
BL413,IT2226,8,734
BL999,IT8778,5,906
BL841,IT7265,8,884
BL456,IT8523,9,521
BL951,IT8063,9,865
BL119,IT5090,10,931
BL646,IT8944,10,751
BL837,IT7259,10,909
BL324,IT1814,10,734
BL119,IT6946,5,601
BL508,IT5664,10,832
BL020,IT3069,6,621
BL471,IT8425,5,817
BL584,IT1743,6,861
BL541,IT5801,6,542
BL719,IT8342,7,631
BL836,IT5976,6,672
BL086,IT1317,5,880
BL980,IT7690,6,857
BL544,IT8233,8,756
BL380,IT3668,6,551
BL126,IT3069,7,970
BL117,IT9318,6,954
BL486,IT5379,7,810
BL239,IT1511,5,807
BL532,IT4634,10,918
BL166,IT8069,9,518
BL443,IT4273,6,871
BL337,IT0375,7,847
BL821,IT0677,6,760
BL520,IT5662,8,800
BL660,IT2311,5,844
BL830,IT9328,10,807
BL791,IT0540,6,891
BL215,IT4499,9,827
BL893,IT9324,7,896
BL242,IT4460,10,642
BL660,IT8815,6,558
BL230,IT1769,8,919
BL395,IT4923,8,918
BL340,IT8990,9,828
BL877,IT1978,5,817
BL588,IT0838,7,563
BL220,IT2264,6,860
BL577,IT1325,6,918
BL300,IT8825,9,528
BL660,IT4585,9,722
BL714,IT8241,6,777
BL227,IT3670,7,581
BL880,IT8854,9,689
BL618,IT8478,8,906
BL004,IT8362,6,665
BL137,IT1961,9,624
BL444,IT4504,9,843
BL298,IT5803,10,665
BL860,IT9524,7,685
BL086,IT4956,8,978
BL615,IT2122,10,861
BL114,IT3696,10,734
BL880,IT4963,9,949
BL084,IT7202,10,825
BL239,IT7112,10,889
BL386,IT0523,5,719
BL231,IT1074,5,869
BL004,IT9717,10,978
BL531,IT6035,6,925
BL011,IT7814,10,508
BL320,IT7608,8,853
BL898,IT1968,5,591
BL386,IT8738,7,918
BL211,IT2391,8,784
BL139,IT2591,6,827
BL728,IT2025,8,954
BL895,IT3119,6,858
BL758,IT6837,5,871
BL263,IT9291,7,741
BL841,IT0828,10,835
BL865,IT4598,9,827
BL676,IT3481,9,679
BL725,IT6247,9,946
BL588,IT1682,5,781
BL933,IT6648,9,977
BL657,IT0519,8,896
BL263,IT7624,8,970
BL636,IT4855,6,940
BL162,IT4827,8,537
BL980,IT6162,5,789
BL655,IT5865,5,970
BL377,IT0237,6,683
BL973,IT8818,10,601
BL577,IT7406,9,764
BL656,IT4517,7,523
BL137,IT8896,8,725
BL359,IT4086,6,881
BL296,IT5698,10,770
BL571,IT1074,6,685
BL806,IT9324,7,895
BL167,IT3782,8,631
BL395,IT2491,6,987
BL211,IT4855,10,921
BL758,IT6035,5,523
BL492,IT7690,10,961
BL011,IT3737,10,857
BL108,IT0677,9,795
BL407,IT7421,10,530
BL660,IT4540,5,760
BL380,IT2251,7,708
BL646,IT8631,5,880
BL320,IT6544,6,691
BL640,IT4963,5,921
BL479,IT8818,6,551
BL948,IT6897,10,634
BL103,IT5863,8,719
BL322,IT8501,6,636
BL584,IT5958,10,692
BL032,IT0797,5,814
BL072,IT3378,8,741
BL331,IT6837,9,954
BL695,IT5228,5,806
BL179,IT2391,6,827
BL904,IT0594,6,817
BL510,IT1481,9,849
BL472,IT7619,6,511
BL899,IT1976,8,624
BL009,IT5801,9,611
BL791,IT6930,10,565
BL524,IT6822,8,871
BL443,IT7880,9,745
BL481,IT1677,8,865
BL070,IT1763,10,661
BL576,IT7319,10,860
BL851,IT3364,7,624
BL579,IT3226,7,839
BL914,IT8893,6,628
BL971,IT9469,10,914
BL947,IT7897,5,968
BL658,IT9613,9,920
BL140,IT4496,7,502
BL894,IT3593,7,866
BL127,IT4789,7,653
BL127,IT4956,8,724
BL492,IT7609,6,861
BL227,IT6989,7,650
BL009,IT8265,5,880
BL842,IT7341,6,953
BL076,IT6294,7,656
BL973,IT0769,7,990
BL049,IT0797,5,646
BL058,IT1840,5,946
BL070,IT6162,9,737
BL436,IT4409,10,945
BL715,IT2840,7,756
BL530,IT0656,10,892
BL732,IT4738,5,645
BL402,IT4137,9,764
BL590,IT1712,7,667
BL907,IT4429,9,992
BL623,IT0922,6,810
BL118,IT2122,5,918
BL122,IT3366,9,738
BL937,IT0740,6,516
BL831,IT4273,6,872
BL780,IT1436,5,607
BL141,IT5705,5,762
BL542,IT2374,7,587
BL894,IT4278,8,923
BL231,IT2823,9,665
BL714,IT0237,7,648
BL980,IT1481,10,709
BL515,IT3417,10,955
BL999,IT0523,9,628
BL395,IT4273,5,557
BL114,IT4758,9,906
BL614,IT8842,9,584
BL725,IT3331,8,537
BL772,IT7624,5,513
BL909,IT0623,8,921
BL842,IT5491,10,871
BL495,IT8115,6,679
BL064,IT3331,9,666
BL928,IT5170,9,704
BL757,IT4004,8,670
BL105,IT0523,10,780
BL980,IT4827,8,987
BL103,IT4830,6,865
BL020,IT5611,10,760
BL024,IT0397,6,858
BL895,IT7265,6,968
BL941,IT8582,9,549
BL634,IT0523,10,680
BL588,IT1763,7,918
BL062,IT5228,9,524
BL146,IT5863,8,649
BL530,IT3688,6,572
BL183,IT0797,9,544
BL433,IT4551,10,725
BL296,IT1577,6,949
BL174,IT1436,10,684
BL280,IT8738,10,900
BL076,IT7252,9,920
BL895,IT8696,7,526
BL300,IT6035,9,824
BL111,IT4474,7,678
BL715,IT0422,5,541
BL591,IT1859,9,665
BL688,IT0072,6,954
BL941,IT6946,9,555
BL453,IT3917,5,747
BL341,IT7044,7,679
BL117,IT3226,8,797
BL058,IT2113,6,634
BL510,IT2264,6,523
BL767,IT6965,10,859
BL108,IT2946,7,542
BL948,IT2554,10,644
BL162,IT8815,10,729
BL278,IT2134,9,692
BL668,IT5550,9,947
BL113,IT7551,6,609
BL736,IT7630,6,919
BL475,IT4879,8,881
BL532,IT5362,9,837
BL484,IT0543,8,840
BL111,IT0266,5,685
BL298,IT8282,10,978
BL767,IT7441,9,965
BL183,IT7283,8,805
BL220,IT8834,5,581
BL026,IT7676,8,810
BL111,IT3774,10,992
BL763,IT4355,9,810
BL877,IT7441,10,976
BL241,IT9852,10,630
BL014,IT9748,7,925
BL914,IT7672,8,670
BL801,IT7077,8,523
BL111,IT4509,5,661
BL512,IT9328,7,843
BL744,IT2101,5,955
BL233,IT4325,10,723
BL022,IT7875,7,749
BL051,IT4169,5,835
BL118,IT3183,8,827
BL087,IT2264,6,783
BL928,IT4004,5,987
BL162,IT5662,6,902
BL743,IT0427,5,729
BL878,IT4712,5,524
BL541,IT9223,6,934
BL913,IT4502,5,610
BL797,IT4963,6,859
BL591,IT2505,10,753
BL364,IT4923,6,628
BL683,IT3164,6,550
BL534,IT8738,8,742
BL485,IT1244,6,970
BL127,IT5379,5,934
BL584,IT3164,7,741
BL544,IT0019,10,840
BL604,IT9853,9,860
BL512,IT9471,10,751
BL904,IT1859,5,551
BL914,IT6396,8,725
BL597,IT2577,10,611
BL696,IT9189,5,918
BL770,IT2251,9,510
BL834,IT4908,8,967
BL841,IT6134,10,809
BL981,IT4862,7,739
BL189,IT5362,10,675
BL001,IT3973,8,841
BL395,IT0540,9,865
BL719,IT4758,8,551
BL532,IT8286,9,596
BL947,IT4645,7,737
BL280,IT8260,8,774
BL097,IT7875,9,934
BL623,IT5362,5,760
BL904,IT0543,5,884
BL280,IT9339,10,969
BL510,IT0243,10,645
BL615,IT7102,5,861
BL460,IT3735,7,523
BL359,IT2101,9,623
BL914,IT7406,8,817
BL604,IT8442,8,914
BL583,IT1198,5,943
BL982,IT8930,7,665
BL992,IT4895,6,685
BL109,IT4919,9,880
BL374,IT7406,6,646
BL611,IT0405,6,651
BL218,IT2554,5,945
BL907,IT6822,10,770
BL752,IT7044,7,770
BL928,IT6678,5,922
BL336,IT5291,5,523
BL688,IT3283,9,524
BL695,IT8900,7,990
BL947,IT6827,7,624
BL982,IT5803,6,587
BL416,IT7419,6,632
BL220,IT8778,6,685
BL743,IT8683,6,806
BL520,IT9847,9,584
BL842,IT7003,9,993
BL665,IT0623,10,880
BL618,IT2122,7,677
BL899,IT3737,5,902
BL047,IT1750,10,760
BL311,IT5356,6,825
BL340,IT7706,8,858
BL545,IT4895,6,665
BL524,IT2634,6,843
BL174,IT4956,10,582
BL736,IT9938,9,691
BL736,IT0797,7,774
BL218,IT7213,5,860
BL492,IT4951,5,528
BL049,IT9223,6,849
BL413,IT8709,6,585
BL495,IT4509,8,787
BL374,IT4499,9,818
BL420,IT1057,10,664
BL167,IT5611,7,858
BL530,IT6077,9,658
BL332,IT3947,9,889
BL393,IT7515,10,800
BL105,IT5700,5,661
BL141,IT3782,8,896
BL158,IT7213,6,879
BL728,IT8051,5,777
BL090,IT0630,9,806
BL001,IT3299,10,501
BL484,IT8952,10,679
BL436,IT6642,6,818
BL058,IT5170,8,598
BL167,IT9339,9,501
BL806,IT9240,9,746
BL298,IT1978,9,846
BL695,IT0630,6,749
BL134,IT3974,9,964
BL950,IT6365,9,889
BL456,IT7877,10,839
BL158,IT1769,6,800
BL772,IT2103,6,921
BL300,IT8683,5,601
BL837,IT0005,9,530
BL616,IT2577,10,534
BL026,IT0005,7,847
BL028,IT7619,5,963
BL893,IT9115,6,728
BL189,IT9469,9,678
BL332,IT9852,9,889
BL357,IT3688,10,818
BL948,IT1317,9,842
BL125,IT3339,9,794
BL810,IT2226,8,704
BL797,IT0696,7,746
BL134,IT8582,5,888
BL218,IT8076,10,789
BL895,IT1939,5,648
BL972,IT1149,8,688
BL772,IT4908,6,885
BL062,IT7911,6,733
BL733,IT1536,5,865
BL758,IT5362,5,572
BL049,IT4552,9,634
BL909,IT5700,10,843
BL683,IT9171,10,746
BL331,IT8497,10,954
BL118,IT7768,6,704
BL173,IT8990,9,677
BL657,IT3838,5,787
BL758,IT1799,9,692
BL665,IT7633,10,583
BL336,IT1682,8,938
BL499,IT8893,9,847
BL118,IT2534,5,967
BL850,IT0768,9,646
BL087,IT8745,5,809
BL005,IT5550,8,847
BL151,IT6123,8,528
BL713,IT8265,8,700
BL402,IT8854,9,882
BL233,IT4257,5,918
BL462,IT6750,8,953
BL765,IT2122,5,972
BL322,IT3974,6,584
BL311,IT4862,6,824
BL698,IT7436,7,573
BL576,IT7633,7,888
BL683,IT1530,10,780
BL341,IT8501,9,978
BL426,IT8818,5,837
BL577,IT2266,9,640
BL407,IT0523,6,627
BL170,IT3183,7,587
BL194,IT8081,8,534
BL009,IT2226,6,990
BL719,IT4895,8,729
BL512,IT3070,8,841
BL673,IT4645,10,727
BL536,IT3853,10,774
BL307,IT4956,6,658
BL576,IT3858,10,760
BL515,IT2591,5,940
BL534,IT2577,6,837
BL320,IT4605,10,753
BL791,IT2190,9,764
BL173,IT0769,8,968
BL298,IT1763,8,880
BL783,IT0491,6,964
BL831,IT0332,9,501
BL058,IT3710,7,919
BL022,IT0836,9,685
BL242,IT9171,8,551
BL460,IT4499,9,640
BL638,IT1966,8,665
BL357,IT7633,7,679
BL126,IT7177,6,940
BL227,IT7441,6,707
BL337,IT1662,5,828
BL821,IT0227,5,837
BL341,IT3838,6,865
BL860,IT7077,5,847
BL022,IT1114,8,840
BL486,IT1961,6,589
BL747,IT8745,5,656
BL895,IT5170,5,892
BL395,IT1763,7,513
BL011,IT3097,6,844
BL357,IT4712,10,558
BL211,IT9749,9,558
BL683,IT4911,7,508
BL914,IT3305,9,659
BL660,IT8930,8,892
BL520,IT7259,9,787
BL827,IT1518,6,558
BL914,IT9542,6,547
BL950,IT7945,9,551
BL167,IT4598,7,530
BL183,IT2190,5,558
BL676,IT5559,10,675
BL806,IT9749,6,575
BL877,IT6577,10,691
BL136,IT8944,8,860
BL233,IT1249,5,918
BL758,IT3428,5,936
BL416,IT1743,6,776
BL937,IT7069,9,537
BL579,IT5379,8,914
BL032,IT0243,6,608
BL713,IT2920,5,765
BL371,IT8009,8,611
BL436,IT6544,5,747
BL877,IT9523,6,979
BL576,IT9550,7,918
BL709,IT5600,7,719
BL489,IT3203,10,573
BL024,IT1156,5,542
BL004,IT6989,5,598
BL698,IT3227,7,938
BL438,IT8073,7,842
BL164,IT7112,9,948
BL288,IT1812,7,593
BL719,IT4169,10,849
BL973,IT7076,5,575
BL211,IT9387,8,616
BL471,IT6930,6,618
BL109,IT9387,9,813
BL506,IT0594,6,593
BL051,IT2101,8,631
BL164,IT8003,10,795
BL736,IT8233,10,732
BL992,IT2491,6,958
BL259,IT9171,10,646
BL743,IT3227,7,813
BL676,IT9806,9,596
BL127,IT4668,7,658
BL862,IT4645,10,739
BL227,IT3670,5,648
BL893,IT5819,8,528
BL512,IT6748,7,964
BL231,IT8922,9,813
BL941,IT5803,7,967
BL657,IT5440,10,745
BL492,IT7897,8,921
BL813,IT4496,6,976
BL331,IT2488,7,661
BL296,IT7077,6,636
BL087,IT3378,7,646
BL395,IT5884,9,621
BL189,IT8244,5,925
BL572,IT9621,6,607
BL288,IT0003,8,621
BL665,IT8631,5,790
BL852,IT1812,5,503
BL302,IT4517,7,503
BL164,IT2969,7,968
BL481,IT1334,7,508
BL461,IT3428,5,957
BL571,IT0243,8,690
BL076,IT9613,8,934
BL781,IT0022,9,835
BL001,IT1769,5,764
BL105,IT6619,10,537
BL402,IT2692,8,787
BL893,IT0740,9,642
BL583,IT9028,10,859
BL402,IT7608,7,685
BL229,IT7090,9,528
BL715,IT8063,8,857
BL453,IT7193,5,583
BL119,IT2983,6,667
BL949,IT5925,8,625
BL495,IT8282,6,849
BL767,IT0519,8,987
BL706,IT2226,8,569
null,IT6622,5,625
BL485,IT5863,10,963
BL264,IT6077,10,692
BL395,IT8924,9,688
BL022,IT7283,8,746
BL999,IT4738,6,837
BL084,IT1114,8,902
BL105,IT9984,10,546
BL992,IT7233,10,843
BL231,IT9938,6,501
BL662,IT1436,10,835
BL374,IT0528,7,504
BL981,IT7177,7,741
BL618,IT1812,9,630
BL837,IT9452,5,682
BL576,IT4668,10,529
BL907,IT1969,9,523
BL713,IT7737,6,574
BL359,IT9621,9,739
BL395,IT3305,8,537
BL034,IT8519,9,628
BL614,IT6906,10,549
BL433,IT1381,8,787
BL661,IT3007,7,858
BL328,IT9523,6,846
BL736,IT4004,9,609
BL831,IT1074,6,946
BL484,IT4789,7,720
BL591,IT3774,7,574
BL300,IT4257,8,837
BL361,IT2266,9,968
BL564,IT1511,10,902
BL660,IT3533,7,920
BL433,IT7259,10,631
BL950,IT0918,8,647
BL031,IT6162,5,911
BL478,IT3412,8,688
BL382,IT9984,10,990
BL311,IT9028,7,573
BL736,IT9764,6,896
BL924,IT4830,8,787
BL895,IT1966,8,537
BL136,IT8360,7,677
BL583,IT8815,10,837
BL719,IT2567,10,558
BL733,IT7911,5,667
BL233,IT1593,9,670
BL665,IT7406,7,765
BL772,IT0492,7,749
BL438,IT2251,7,898
BL506,IT9115,7,569
BL658,IT6989,7,787
BL874,IT3070,6,915
BL792,IT9482,10,678
BL104,IT8952,7,596
BL108,IT1170,6,816
BL531,IT0528,5,689
BL913,IT5553,9,579
BL864,IT2634,5,846
BL231,IT8818,5,957
BL233,IT6876,9,628
BL129,IT6717,7,554
BL211,IT6887,10,918
BL665,IT5522,5,727
BL134,IT2448,5,978
BL129,IT8893,7,715
BL129,IT6135,8,787
BL736,IT4464,8,634
BL278,IT8362,7,674
BL937,IT0620,7,569
BL484,IT3417,9,573
BL004,IT4985,8,938
BL495,IT1428,10,789
BL656,IT3183,7,715
BL634,IT4430,8,903
BL031,IT0540,6,827
BL122,IT7834,5,741
null,IT0519,10,524
BL028,IT5711,8,869
BL491,IT5532,8,865
BL777,IT5925,5,884
BL010,IT8190,8,657
BL928,IT1968,6,516
BL296,IT0620,7,885
BL058,IT8631,9,833
BL024,IT0375,7,560
BL395,IT3428,9,885
BL167,IT1969,9,584
BL034,IT6162,5,665
BL538,IT8883,7,569
BL064,IT4712,8,761
BL538,IT5867,6,756
BL499,IT1799,7,670
BL009,IT6680,7,682
BL141,IT8286,7,601
BL981,IT0132,9,815
BL118,IT9440,5,554
BL506,IT9099,8,682
BL228,IT4956,9,837
BL028,IT0006,6,648
BL070,IT2534,9,990
BL583,IT9894,9,646
BL716,IT8924,10,780
BL407,IT5763,5,914
BL093,IT2391,5,751
BL139,IT7317,8,949
BL545,IT8944,6,636
BL792,IT9523,8,753
BL512,IT8485,7,863
BL973,IT2505,8,726
BL999,IT3912,10,707
BL941,IT6648,9,692
BL673,IT1969,10,715
BL248,IT7440,8,751
BL631,IT1390,5,574
BL747,IT5611,7,512
BL676,IT2328,7,976
BL317,IT8133,7,837
BL646,IT7319,10,860
BL591,IT7421,6,764
BL661,IT1224,6,894
BL937,IT2837,7,817
BL087,IT6053,7,591
BL264,IT0288,9,574
BL770,IT1356,10,856
BL395,IT0620,7,511
BL980,IT8478,9,871
BL980,IT5662,9,646
BL526,IT1436,9,800
BL536,IT2940,9,626
BL506,IT0235,5,825
BL479,IT1057,9,523
BL950,IT7077,9,788
BL923,IT8834,7,972
BL402,IT7945,8,523
BL457,IT5958,9,647
BL585,IT9294,5,582
BL051,IT1249,6,726
BL894,IT1261,9,844
BL395,IT7193,8,530
BL331,IT0851,7,524
BL383,IT9613,10,953
BL484,IT5705,7,936
BL655,IT4540,7,881
BL780,IT1794,8,525
BL508,IT3858,7,858
BL264,IT6736,6,888
BL941,IT9268,9,837
BL893,IT2676,9,871
BL836,IT6967,8,628
BL913,IT2266,9,843
BL485,IT8063,8,957
BL386,IT3069,6,827
BL259,IT4585,9,675
BL736,IT2577,8,679
BL406,IT9339,7,797
BL189,IT5291,8,549
BL162,IT1149,5,628
BL302,IT8631,7,978
BL878,IT2954,9,825
BL230,IT3947,6,965
BL070,IT6930,7,574
BL937,IT5228,10,800
BL460,IT7283,7,658
BL611,IT7265,7,800
BL928,IT5101,9,946
BL142,IT1149,6,641
BL962,IT3366,6,632
BL001,IT9894,9,947
BL864,IT8482,8,943
BL850,IT6340,9,672
BL407,IT5819,6,919
BL263,IT0427,5,918
BL086,IT7608,6,551
BL092,IT9984,7,872
BL660,IT7230,7,562
BL827,IT1361,7,661
BL111,IT1750,7,787
BL588,IT1750,10,549
BL665,IT6742,7,581
BL322,IT5089,5,546
BL512,IT5994,9,746
BL248,IT2311,9,709
BL443,IT4004,10,958
BL591,IT3164,10,844
BL361,IT4758,6,655
BL913,IT0243,9,987
BL280,IT1898,10,554
BL114,IT4704,7,725
BL530,IT2113,6,557
BL841,IT3428,7,646
BL777,IT4726,7,660
BL797,IT3342,9,614
BL841,IT7337,6,523
BL893,IT9115,9,844
BL047,IT8244,8,856
BL813,IT2885,5,915
BL090,IT3428,8,891
BL229,IT1033,9,516
BL576,IT8944,7,672
BL544,IT4474,6,727
BL248,IT4169,8,558
BL777,IT6367,7,528
BL658,IT4634,8,581
BL460,IT9318,6,853
BL480,IT8825,8,918
BL991,IT1530,5,844
BL675,IT0492,7,550
BL380,IT7077,10,516
BL736,IT6396,6,977
BL108,IT4830,6,884
BL638,IT7265,6,759
BL972,IT6619,9,970
BL145,IT2134,6,825
BL954,IT0931,9,894
BL139,IT5291,6,906
BL923,IT0217,7,871
BL658,IT9485,7,764
BL571,IT0838,8,954
BL179,IT8009,5,880
BL894,IT8362,5,947
BL534,IT6728,8,760
BL136,IT6827,9,734
BL877,IT4862,7,794
BL395,IT4712,8,895
BL841,IT7899,9,900
BL590,IT3619,7,628
BL797,IT0050,5,528
BL781,IT7039,5,537
BL122,IT9189,5,591
BL114,IT5570,9,675
BL972,IT9171,7,770
BL370,IT4086,7,825
BL611,IT7097,8,678
BL433,IT5790,7,598
BL174,IT7259,8,919
BL541,IT9851,8,560
BL805,IT9851,9,828
BL878,IT4585,8,646
BL767,IT5440,8,784
BL555,IT8924,5,787
BL757,IT7633,10,922
BL783,IT2577,10,881
BL036,IT4923,5,523
BL836,IT0492,9,601
BL544,IT5958,7,896
BL386,IT1042,6,814
BL758,IT8818,7,924
BL564,IT3183,10,658
BL384,IT2064,8,964
BL484,IT8081,8,759
BL173,IT2692,10,866
BL758,IT4855,7,978
BL320,IT3331,7,968
BL359,IT0422,5,689
BL919,IT8924,6,573
BL166,IT5700,10,644
BL898,IT2122,10,526
BL673,IT9851,10,958
BL545,IT3858,6,715
BL383,IT2940,8,608
BL480,IT7283,8,859
BL744,IT1712,5,526
BL631,IT4738,6,837
BL758,IT9482,5,964
BL306,IT5532,8,818
BL946,IT1108,8,918
BL715,IT0243,5,593
BL374,IT6134,8,723
BL665,IT6544,5,524
BL229,IT5944,5,667
BL001,IT1249,10,751
BL593,IT8286,6,959
BL087,IT5334,7,645
BL179,IT2320,8,530
BL402,IT6077,5,771
BL485,IT2113,10,617
BL306,IT8497,5,873
BL060,IT7177,8,853
BL656,IT7283,7,888
BL713,IT6001,9,784
BL791,IT6736,8,678
BL384,IT9291,8,672
BL553,IT9223,5,679
BL614,IT4499,9,686
BL127,IT6742,5,813
BL991,IT0243,7,846
BL806,IT3947,10,648
BL856,IT7857,10,534
BL805,IT2837,8,828
BL004,IT7608,10,774
BL229,IT3735,5,722
BL914,IT2226,6,565
BL034,IT3774,8,513
BL880,IT0677,9,508
BL695,IT8930,8,915
BL899,IT7930,7,516
BL616,IT6340,7,918
BL576,IT0640,9,678
BL631,IT7202,9,523
BL140,IT2391,10,727
BL105,IT1799,8,726
BL114,IT0656,7,752
BL800,IT5664,7,871
BL420,IT1481,8,726
BL010,IT0768,8,915
BL791,IT9150,5,815
BL126,IT8519,6,568
BL393,IT4325,8,839
null,IT7230,10,501
BL389,IT8241,10,756
BL111,IT2311,6,784
BL311,IT8990,9,626
BL183,IT1577,9,678
BL872,IT6280,6,898
BL542,IT0072,10,756
BL714,IT0006,5,871
BL000,IT4496,5,628
BL122,IT7077,9,554
BL656,IT4044,7,581
BL614,IT0072,10,602
BL619,IT3696,6,726
BL306,IT3974,8,534
BL504,IT5090,7,789
BL486,IT3101,7,818
BL992,IT9189,9,938
BL484,IT3101,10,715
BL280,IT1772,10,879
BL868,IT2405,10,574
BL928,IT0422,7,844
BL102,IT1840,6,562
BL696,IT7879,8,854
BL657,IT3206,5,670
BL395,IT4985,9,810
BL436,IT5600,9,672
BL058,IT6748,8,977
BL126,IT3342,5,675
BL479,IT6736,6,813
BL086,IT5491,5,624
BL700,IT5664,9,902
BL590,IT2676,5,954
BL767,IT7307,6,720
BL034,IT0237,7,676
BL534,IT7741,8,501
BL227,IT7701,5,518
BL484,IT8065,10,919
BL158,IT7069,8,937
BL532,IT1772,7,746
BL032,IT0136,7,891
BL492,IT2451,10,894
BL492,IT3119,7,650
BL355,IT4108,6,892
BL813,IT1511,9,797
BL538,IT0397,8,774
BL736,IT7097,5,569
BL118,IT6961,5,569
BL086,IT5619,6,575
BL924,IT1978,8,565
BL049,IT1772,10,972
BL733,IT4325,10,614
BL020,IT4169,7,581
BL992,IT6037,7,501
BL933,IT6807,6,840
BL657,IT0352,10,992
BL593,IT4738,5,954
BL393,IT5841,8,647
BL328,IT0917,9,934
BL954,IT7097,7,534
BL332,IT8445,9,883
BL722,IT1057,5,664
BL590,IT6001,10,581
BL436,IT4460,8,624
BL758,IT6622,8,689
BL014,IT3710,5,818
BL122,IT1799,9,528
BL668,IT3227,5,537
BL114,IT4355,10,568
BL564,IT5994,7,704
BL433,IT9524,5,658
BL162,IT3070,7,990
BL402,IT9811,7,873
BL976,IT4879,8,957
BL660,IT0006,8,760
BL109,IT8133,10,549
BL146,IT9482,7,737
BL930,IT1536,5,555
BL239,IT1334,5,765
BL317,IT7436,7,841
BL999,IT5742,7,617
BL542,IT0630,10,871
BL331,IT6807,8,526
BL675,IT3070,8,541
BL393,IT3440,9,563
BL688,IT3481,7,972
BL619,IT5356,8,686
BL544,IT3101,5,853
BL001,IT3007,10,933
BL231,IT7740,9,573
BL060,IT2233,8,537
BL946,IT4956,5,789
BL426,IT1033,8,967
BL921,IT8260,8,881
BL491,IT3412,8,828
BL572,IT1978,8,672
BL834,IT7880,8,730
BL162,IT2125,7,551
BL072,IT5986,9,953
BL688,IT8478,9,885
BL842,IT2251,10,581
BL856,IT2405,6,707
BL471,IT3858,8,617
BL456,IT0568,6,516
BL506,IT5841,8,708
BL526,IT0582,9,914
BL501,IT4386,7,756
BL797,IT6989,7,987
BL980,IT1909,10,848
BL456,IT5101,10,777
BL070,IT1075,8,597
BL895,IT4496,7,729
BL919,IT8952,5,667
BL047,IT2391,9,707
BL980,IT8990,5,779
BL001,IT6425,10,824
BL022,IT5867,9,516
BL675,IT6365,6,938
BL104,IT1154,10,788
BL532,IT9168,7,976
BL656,IT4634,7,902
BL545,IT7090,8,991
BL880,IT2778,6,787
BL618,IT1370,9,664
BL468,IT7930,6,513
BL719,IT6989,10,558
BL542,IT6930,10,858
BL510,IT9550,7,756
BL164,IT4386,9,807
BL542,IT2025,8,919
BL622,IT9894,8,894
BL090,IT2885,9,964
BL060,IT9168,6,555
BL478,IT2674,9,873
BL151,IT0780,6,596
BL880,IT6965,10,691
BL504,IT7440,8,760
BL259,IT0422,6,661
BL665,IT0082,10,936
BL070,IT3164,9,623
BL683,IT9811,7,662
BL384,IT4830,8,774
BL510,IT6801,7,871
BL797,IT2840,7,894
BL420,IT3696,8,892
BL140,IT2676,5,523
BL559,IT6822,10,710
BL860,IT1928,6,839
BL134,IT0568,9,879
BL479,IT9613,7,760
BL227,IT3735,7,514
BL949,IT6340,10,840
BL384,IT1909,5,955
BL024,IT8115,10,510
BL665,IT8244,9,726
BL665,IT3973,8,911
BL383,IT5228,6,894
BL058,IT6748,8,925
BL457,IT5611,8,691
BL320,IT1108,5,884
BL109,IT2251,6,860
BL395,IT9268,10,537
BL971,IT4153,5,784
BL036,IT9542,7,686
BL732,IT6053,5,760
BL577,IT6156,5,544
BL364,IT0006,5,621
BL868,IT3737,9,632
BL576,IT6717,7,516
BL877,IT2145,9,646
BL558,IT7077,9,814
BL034,IT0780,6,720
BL076,IT4789,9,677
BL060,IT2374,6,991
BL127,IT1966,5,977
BL530,IT5994,9,903
BL259,IT2940,5,828
BL834,IT7740,9,578
BL924,IT8922,5,658
BL038,IT4392,8,659
BL576,IT3465,7,992
BL981,IT8815,6,860
BL028,IT3203,9,689
BL904,IT2311,9,670
BL862,IT5803,7,749
BL714,IT0003,10,853
BL962,IT5933,5,835
BL402,IT0677,8,757
BL444,IT0288,9,526
BL070,IT0019,5,849
BL359,IT4551,9,843
BL227,IT1712,5,728
BL119,IT8585,9,993
BL618,IT4256,5,844
BL475,IT0995,10,885
BL792,IT5362,10,990
BL879,IT7690,6,682
BL558,IT7897,8,678
null,IT8767,8,624
BL877,IT0405,10,800
BL164,IT8009,10,726
BL189,IT0317,8,708
BL134,IT4273,7,788
BL665,IT3366,8,578
BL072,IT0838,6,554
BL660,IT1356,10,616
BL933,IT9853,6,783
BL058,IT9268,8,587
BL086,IT5803,6,674
null,IT4257,7,937
BL999,IT6622,8,634
BL495,IT5867,6,825
BL013,IT9524,6,587
BL320,IT9749,6,685
BL034,IT6135,10,585
BL337,IT9294,10,657
BL631,IT9853,8,526
BL421,IT3378,10,558
BL324,IT3973,7,885
BL914,IT3119,5,900
BL122,IT5705,9,584
BL129,IT5101,6,784
BL810,IT2983,6,842
BL924,IT8009,6,963
BL623,IT3735,9,558
BL797,IT5550,8,563
BL049,IT2692,6,880
BL675,IT8625,5,992
BL380,IT4879,8,624
BL320,IT7406,7,751
BL357,IT7737,8,665
BL660,IT1473,9,524
BL091,IT4726,5,959
BL001,IT7177,10,694
BL114,IT7102,10,558
BL033,IT9482,10,501
BL665,IT8459,9,833
BL137,IT8081,5,509
BL183,IT7945,5,885
BL093,IT1994,6,728
BL140,IT4108,5,661
BL544,IT9847,10,560
BL145,IT5662,9,902
BL320,IT5221,7,647
BL949,IT8913,9,783
BL193,IT1381,9,617
BL634,IT7609,5,987
BL058,IT6822,7,894
BL226,IT4429,8,828
BL767,IT4605,9,837
BL170,IT1887,9,805
BL111,IT8619,9,777
BL109,IT5170,10,685
BL850,IT1356,10,530
BL472,IT0427,6,707
BL038,IT6680,10,630
BL102,IT3412,6,934
BL676,IT9600,8,760
BL259,IT4951,5,727
BL420,IT1390,9,891
BL492,IT5291,8,843
BL481,IT4830,8,896
BL950,IT2226,9,589
BL162,IT4919,10,957
BL660,IT3119,8,521
BL105,IT4108,5,730
BL004,IT1042,7,607
BL109,IT1381,10,569
BL638,IT4738,5,871
BL555,IT1244,6,903
BL508,IT0640,5,922
BL302,IT1976,10,818
BL652,IT8842,9,542
BL937,IT1536,10,813
BL141,IT7202,9,906
BL109,IT1390,5,617
BL471,IT7039,10,585
BL538,IT8065,8,919
BL108,IT9115,7,879
BL143,IT9485,7,987
BL757,IT6577,9,943
BL288,IT1969,5,645
BL623,IT6544,7,680
BL038,IT9328,5,610
BL515,IT3378,10,628
BL949,IT6178,6,977
BL105,IT6748,7,840
BL583,IT4409,6,857
BL660,IT7741,5,896
BL218,IT2591,9,763
BL665,IT2125,10,898
BL836,IT8459,7,780
BL420,IT2125,6,906
BL877,IT7828,9,707
BL545,IT7259,10,858
BL183,IT9717,10,581
BL103,IT9028,8,902
BL421,IT0427,8,648
BL164,IT5711,6,711
BL184,IT8182,8,641
BL655,IT9599,10,601
BL981,IT8976,6,565
BL767,IT7599,6,900
BL531,IT8815,8,936
BL031,IT8854,8,601
BL402,IT6736,9,906
BL813,IT3965,10,835
BL230,IT8996,7,726
BL841,IT6648,10,979
BL263,IT1769,8,751
BL725,IT5559,5,554
BL140,IT9339,8,581
BL874,IT0780,6,734
BL109,IT0540,5,650
BL545,IT7307,9,549
BL028,IT2113,7,658
BL258,IT1840,10,906
BL022,IT7740,5,730
BL119,IT4370,6,530
BL364,IT3378,8,828
BL538,IT5865,8,756
BL173,IT5379,5,769
BL264,IT4355,8,921
BL791,IT7233,6,891
BL211,IT8944,6,739
BL140,IT0476,5,656
BL395,IT1198,6,837
BL090,IT6880,5,684
BL174,IT8582,10,722
BL638,IT7897,9,628
BL164,IT3838,10,889
BL085,IT4496,10,628
BL302,IT3314,8,646
BL531,IT8051,9,661
BL535,IT1812,10,734
BL028,IT5386,7,725
BL433,IT6134,5,656
BL004,IT0243,8,715
BL009,IT4789,9,883
BL980,IT5803,9,739
BL479,IT8996,7,923
BL357,IT8996,8,846
BL060,IT2188,6,963
BL250,IT0995,6,837
BL406,IT3428,9,550
BL127,IT6077,5,521
BL239,IT8362,10,611
BL660,IT3007,6,508
BL526,IT6880,7,725
BL618,IT4605,9,665
BL371,IT5801,9,685
BL675,IT7875,5,869
BL577,IT2320,7,857
BL880,IT0003,10,892
BL725,IT8282,9,800
BL948,IT0082,6,858
BL311,IT9020,7,807
BL673,IT6077,10,648
BL913,IT7044,9,871
BL590,IT9452,10,724
BL460,IT3412,10,856
BL610,IT3912,6,918
BL389,IT9440,7,936
BL386,IT1743,9,787
BL999,IT3214,8,719
BL745,IT8683,6,631
BL076,IT8286,8,693
BL837,IT9317,9,903
BL108,IT7337,7,937
BL577,IT3101,7,943
BL895,IT3214,10,582
BL070,IT1577,8,653
BL631,IT6801,9,670
BL842,IT2946,8,811
BL714,IT9853,9,504
BL982,IT6680,5,844
BL619,IT2113,5,936
BL946,IT7307,8,575
BL530,IT1033,9,844
BL610,IT3119,5,616
BL233,IT9485,8,542
BL108,IT6822,8,574
BL813,IT8499,9,621
BL745,IT9471,10,685
BL933,IT0243,6,761
BL460,IT5841,10,676
BL652,IT2760,5,857
BL733,IT2145,8,621
BL104,IT7044,6,709
BL317,IT7317,9,825
BL545,IT7044,9,582
BL564,IT8996,7,679
BL114,IT5334,10,863
BL852,IT4429,7,589
BL051,IT1156,10,662
BL638,IT7768,9,587
BL611,IT7230,8,824
BL515,IT5491,5,832
BL880,IT8767,8,685
BL894,IT9764,7,694
BL140,IT1154,5,844
BL114,IT5619,6,542
BL005,IT1057,6,914
BL005,IT4951,7,609
BL139,IT4552,9,757
BL173,IT3226,6,891
BL665,IT0217,10,990
BL085,IT2113,7,969
BL541,IT3668,8,745
BL810,IT1968,6,640
BL831,IT4758,5,628
BL504,IT6648,9,992
BL758,IT2577,10,825
BL577,IT2860,7,810
BL162,IT4430,10,689
BL732,IT8459,8,648
BL085,IT3838,7,814
BL584,IT5619,8,584
BL049,IT3069,9,739
BL655,IT4789,10,934
BL151,IT8485,7,614
BL583,IT3364,6,824
BL033,IT2505,6,574
BL468,IT6642,9,557
BL233,IT9853,6,934
BL831,IT4789,8,641
BL393,IT4108,9,562
BL851,IT3226,9,582
BL338,IT0528,9,881
BL114,IT9811,9,770
BL462,IT3593,8,810
BL113,IT2491,9,665
BL914,IT0580,10,558
BL512,IT7259,9,608
BL951,IT4386,5,665
BL676,IT8825,10,903
BL179,IT2676,10,838
BL087,IT0623,6,685
BL538,IT9168,7,871
BL471,IT9387,6,797
BL583,IT9806,5,787
BL058,IT0528,8,579
BL109,IT7768,10,642
BL049,IT3097,7,646
BL714,IT3203,8,872
BL215,IT6619,10,833
BL688,IT3346,9,575
BL033,IT0132,8,784
BL715,IT0851,9,549
BL695,IT2634,8,661
BL928,IT2760,9,569
BL860,IT2034,8,800
BL860,IT1244,7,957
BL576,IT3428,7,816
BL174,IT5732,7,646
BL012,IT3737,9,841
BL558,IT6619,7,814
BL893,IT1261,10,860
BL486,IT0317,7,587
BL618,IT3101,9,800
BL167,IT3314,5,964
BL675,IT1677,7,546
BL868,IT4386,8,628
BL542,IT4830,10,857
BL036,IT5553,8,596
BL571,IT5221,8,918
BL485,IT4411,10,817
BL300,IT6757,10,840
BL850,IT7230,6,601
BL770,IT8003,9,920
BL656,IT9371,6,578
BL777,IT4430,7,528
BL480,IT9115,5,783
BL591,IT7283,5,871
BL413,IT7039,6,861
BL661,IT0397,6,918
BL416,IT0375,10,704
BL001,IT8818,8,524
BL841,IT7972,7,511
BL058,IT2534,7,658
BL659,IT7112,8,607
BL227,IT6946,7,587
BL696,IT3465,6,680
BL591,IT8922,6,838
BL899,IT3007,7,762
BL696,IT3972,7,871
BL259,IT8778,9,958
BL564,IT0227,5,760
BL914,IT7112,6,614
BL971,IT7515,8,626
BL183,IT4908,9,751
BL542,IT0309,9,501
BL076,IT1677,8,832
BL948,IT9482,6,573
BL924,IT2577,7,776
BL049,IT2577,9,880
BL981,IT0623,8,658
BL300,IT7259,10,579
BL492,IT7252,7,781
BL733,IT2320,9,628
BL683,IT7893,5,787
BL233,IT2233,9,523
BL868,IT8922,6,596
BL640,IT2034,8,964
BL416,IT7259,5,537
BL834,IT5662,10,608
BL137,IT9317,5,537
BL660,IT5334,6,568
BL134,IT9852,10,919
BL583,IT9042,9,573
BL484,IT4956,7,815
BL783,IT1154,6,872
BL821,IT5925,6,512
BL638,IT6897,5,544
BL530,IT3206,10,751
BL515,IT1814,7,857
BL478,IT3593,10,946
BL655,IT6294,7,618
BL093,IT3774,5,849
BL093,IT1593,9,579
BL655,IT4392,10,918
BL813,IT3912,5,844
BL108,IT3371,5,601
BL948,IT6599,10,880
BL334,IT5664,7,646
BL443,IT8328,5,568
BL141,IT4742,6,524
BL842,IT5664,9,764
BL499,IT8133,6,504
BL457,IT6750,5,628
BL950,IT3774,9,869
BL515,IT8883,7,842
BL980,IT6068,8,959
BL631,IT7515,10,558
BL758,IT6178,10,657
BL426,IT6123,9,628
BL616,IT4409,10,672
BL024,IT7102,10,665
BL973,IT1750,10,933
BL302,IT7252,6,729
BL364,IT5664,6,780
BL924,IT4169,7,846
BL593,IT5611,5,987
BL848,IT2860,5,825
BL374,IT9371,6,628
BL921,IT0768,9,501
BL331,IT2920,5,660
BL541,IT4634,9,692
BL104,IT3206,6,524
BL801,IT6837,5,844
BL259,IT9223,5,510
BL864,IT3688,8,827
BL436,IT1769,9,920
BL559,IT7740,9,734
BL765,IT5379,7,609
BL227,IT8924,7,502
BL862,IT4605,9,694
BL508,IT5522,8,979
BL923,IT3183,10,651
BL954,IT0317,8,611
BL831,IT6946,6,943
BL946,IT9847,5,627
BL062,IT5742,6,856
BL420,IT0332,7,573
BL337,IT5698,10,920
BL698,IT1436,5,873
BL111,IT5884,6,840
BL576,IT8683,5,645
BL538,IT1994,5,607
BL668,IT1994,8,628
BL218,IT6678,7,726
BL316,IT6642,10,797
BL971,IT7515,7,541
BL471,IT1978,8,745
BL355,IT6989,6,628
BL673,IT1511,8,607
BL914,IT3533,8,737
BL117,IT7441,5,809
BL658,IT6728,7,869
BL534,IT8896,7,840
BL416,IT8854,7,938
BL057,IT6134,10,691
BL805,IT2674,7,764
BL049,IT7419,10,558
BL233,IT1530,5,922
BL231,IT8745,7,747
BL028,IT0005,8,956
BL591,IT0171,9,686
BL520,IT7880,6,909
BL719,IT1170,5,589
BL976,IT9440,6,888
BL655,IT4325,10,621
BL480,IT1677,10,970
BL963,IT7507,7,574
BL233,IT9687,5,597
BL049,IT6622,8,587
BL941,IT9600,10,541
BL971,IT9524,8,774
BL026,IT0492,10,825
BL850,IT5742,8,894
BL555,IT4430,7,582
BL302,IT8442,7,667
BL013,IT8342,6,892
BL872,IT3346,7,534
BL538,IT0332,6,880
BL444,IT4460,6,957
BL745,IT5763,10,631
BL119,IT6367,5,818
BL013,IT3412,6,590
BL941,IT3007,9,628
BL460,IT1149,6,751
BL951,IT5228,5,837
BL715,IT5870,7,759
BL907,IT9020,5,764
BL801,IT9181,7,918
BL659,IT1536,9,590
BL559,IT1149,10,630
BL572,IT8133,9,614
BL280,IT6385,6,824
BL928,IT7945,10,914
BL395,IT2674,10,525
BL407,IT8683,5,540
BL280,IT3782,5,789
BL184,IT3619,5,844
BL331,IT9318,6,551
BL334,IT2634,10,902
BL639,IT0266,8,628
BL125,IT2954,8,556
BL036,IT2264,7,858
BL051,IT8499,6,970
BL520,IT4772,8,807
BL559,IT2488,8,818
BL538,IT7701,5,678
BL370,IT6999,7,856
BL616,IT4645,7,811
BL800,IT3818,9,574
BL492,IT2311,8,596
BL536,IT7834,10,565
BL611,IT0317,9,524
BL913,IT6967,6,827
BL714,IT3226,7,970
BL655,IT1361,5,940
BL868,IT8924,10,558
BL484,IT0078,9,627
BL655,IT8478,8,827
BL300,IT5803,5,503
BL810,IT8501,9,885
BL810,IT4298,9,590
BL877,IT0131,7,970
BL584,IT3339,9,970
BL093,IT6053,6,601
BL478,IT4607,6,546
BL317,IT7608,8,723
BL872,IT0780,10,591
BL087,IT1968,7,911
BL797,IT8009,10,722
BL179,IT1511,9,970
BL359,IT7875,10,573
BL713,IT3339,6,757
BL226,IT5291,9,528
BL783,IT4298,5,954
BL060,IT8977,8,963
BL143,IT5662,8,936
BL064,IT8478,5,616
BL524,IT0309,5,838
BL158,IT8482,8,900
BL413,IT2946,8,624
BL758,IT1224,7,780
BL341,IT6340,7,628
BL765,IT3214,9,547
BL471,IT8322,10,534
BL848,IT1743,7,880
BL696,IT6827,6,814
BL049,IT1814,7,680
BL146,IT6134,6,827
BL258,IT4429,8,628
BL948,IT5459,8,967
BL134,IT4502,7,835
BL005,IT7897,10,783
BL880,IT6648,9,817
BL874,IT1743,9,504
BL293,IT4257,9,568
BL994,IT7419,8,573
BL914,IT4502,5,719
BL914,IT1840,6,579
BL722,IT1170,10,722
BL848,IT0918,8,500
BL512,IT4789,10,921
BL733,IT2451,6,739
BL036,IT9894,10,853
BL592,IT5561,10,626
BL389,IT3774,8,710
BL361,IT8241,7,921
BL142,IT5628,10,892
BL173,IT4409,6,526
BL864,IT3206,8,898
BL370,IT1521,5,726
BL317,IT2954,10,534
BL948,IT7039,9,547
BL311,IT3917,6,827
BL865,IT5801,7,587
BL914,IT8815,8,725
BL001,IT4832,10,739
BL105,IT4551,9,937
BL590,IT3481,8,707
BL604,IT7879,6,557
BL538,IT6093,9,624
BL420,IT7077,10,770
BL051,IT2122,9,865
BL515,IT8818,5,728
BL263,IT4086,8,810
BL416,IT2692,10,970
BL928,IT8115,6,692
BL579,IT7090,6,746
BL005,IT6906,6,537
BL806,IT2188,9,911
BL954,IT7507,7,627
BL728,IT3069,8,919
BL104,IT1428,6,558
BL492,IT3346,8,842
BL571,IT5553,6,537
BL109,IT4411,9,726
BL928,IT0019,6,685
BL879,IT6750,10,835
BL981,IT1772,7,956
BL324,IT2674,6,573
BL534,IT2374,7,945
BL062,IT3412,9,921
BL501,IT7076,9,685
BL909,IT3203,8,882
BL640,IT0427,6,889
BL248,IT3314,7,623
BL767,IT2448,9,976
BL714,IT8709,5,641
BL534,IT7515,6,827
BL992,IT1968,7,925
BL453,IT6340,9,581
BL655,IT8233,9,873
BL443,IT9834,8,646
BL134,IT3283,6,747
BL675,IT8265,9,582
BL950,IT8900,7,847
BL813,IT6930,9,846
BL930,IT0620,8,882
BL973,IT6602,7,900
BL576,IT4086,5,664
BL923,IT1887,6,965
BL526,IT0838,10,809
BL665,IT3972,8,624
BL937,IT0780,5,977
BL898,IT7701,10,749
BL515,IT4879,8,516
BL109,IT6622,8,925
BL733,IT1939,5,861
BL332,IT4855,8,661
BL619,IT5600,9,729
BL658,IT8115,10,574
BL971,IT4951,7,589
BL337,IT6135,8,747
BL471,IT5863,9,680
BL982,IT4496,7,574
BL230,IT8065,10,954
BL036,IT0317,9,809
BL919,IT8051,9,959
BL661,IT0599,10,817
BL444,IT8233,5,892
BL713,IT1909,9,628
BL211,IT4956,5,914
BL486,IT7676,9,993
BL322,IT8818,7,828
BL948,IT0543,10,650
BL808,IT4540,7,708
BL736,IT7102,7,585
BL183,IT3440,6,914
BL639,IT1682,5,598
BL495,IT3101,5,780
BL538,IT1346,9,557
BL145,IT7233,8,616
BL302,IT4509,6,787
BL093,IT5611,9,547
BL941,IT1335,7,610
BL108,IT7633,9,542
BL139,IT1224,5,790
BL851,IT6748,9,880
BL545,IT5841,9,665
BL288,IT2554,9,550
BL302,IT2567,8,675
BL655,IT2251,10,596
BL499,IT3371,7,993
BL899,IT1769,6,902
BL880,IT7945,7,872
BL640,IT1317,6,700
BL981,IT6068,7,627
BL604,IT1334,6,593
BL747,IT0397,7,853
BL118,IT5884,9,946
BL610,IT4828,9,689
BL492,IT8241,5,937
BL456,IT7507,7,666
BL536,IT1772,8,729
BL421,IT6053,9,756
BL736,IT3331,7,513
BL136,IT9268,10,896
BL355,IT0768,6,814
BL524,IT5925,7,800
BL340,IT4474,7,726
BL300,IT8009,8,787
BL904,IT9150,7,723
BL638,IT4278,8,707
BL129,IT0005,5,779
BL655,IT0838,10,859
BL151,IT0003,7,943
BL166,IT5619,10,640
BL688,IT2113,7,811
BL389,IT5994,9,707
BL105,IT0005,7,537
BL981,IT6415,8,964
BL728,IT6622,5,788
BL298,IT4496,7,748
BL777,IT7690,7,678
BL359,IT5986,9,722
BL719,IT8896,10,903
BL220,IT7202,8,953
BL619,IT9485,6,827
BL042,IT0235,6,978
BL732,IT1928,7,900
BL127,IT4474,6,955
BL558,IT9600,6,691
BL592,IT5870,6,670
BL719,IT3070,10,562
BL850,IT0227,7,993
BL991,IT0131,9,642
BL592,IT6678,7,524
BL893,IT3119,9,611
BL072,IT6599,9,956
BL302,IT6156,9,954
BL665,IT3417,10,628
BL167,IT7202,8,678
BL665,IT1335,9,978
BL559,IT7875,9,631
BL383,IT5742,5,871
BL821,IT6078,7,722
BL636,IT7608,7,807
BL657,IT3818,7,773
BL564,IT7440,8,641
BL719,IT3737,8,959
BL909,IT7252,7,987
BL914,IT7624,7,902
BL531,IT0828,10,516
BL758,IT2954,10,575
BL524,IT5619,8,991
BL937,IT9852,9,871
BL336,IT7715,7,761
BL093,IT9150,8,540
BL402,IT9806,5,818
BL230,IT2823,9,954
BL837,IT4044,10,691
BL461,IT5611,5,880
BL834,IT3097,6,810
BL170,IT1978,10,920
BL576,IT1939,10,957
BL941,IT0003,8,504
BL579,IT5619,7,827
BL914,IT8922,5,885
BL713,IT7076,8,611
BL026,IT5504,10,634
BL139,IT7097,10,977
BL109,IT5803,9,557
BL541,IT1317,10,616
BL258,IT8582,6,837
BL102,IT1057,7,624
BL631,IT5763,6,672
BL179,IT5867,10,800
BL183,IT7440,5,840
BL504,IT9189,10,542
BL162,IT4392,5,727
BL126,IT0838,9,958
BL827,IT7436,9,737
BL777,IT8076,10,503
BL395,IT9847,10,529
BL504,IT5522,6,624
BL460,IT1994,9,857
BL475,IT1969,10,903
BL646,IT7202,10,577
BL876,IT5600,7,832
BL416,IT6035,7,753
BL103,IT3428,9,918
BL836,IT1075,9,891
BL526,IT0599,9,825
BL462,IT9317,5,837
BL576,IT8825,8,846
BL631,IT3206,5,954
BL486,IT3364,5,921
BL501,IT8442,7,666
BL386,IT6961,7,869
BL752,IT3206,6,537
BL877,IT8322,10,556
BL695,IT5386,10,977
BL134,IT6837,10,601
BL420,IT6807,6,817
BL696,IT9852,7,894
BL646,IT5867,5,557
BL460,IT4430,9,954
BL921,IT8625,8,695
BL194,IT6156,9,881
BL049,IT2505,7,871
BL659,IT7857,9,924
BL126,IT8076,9,774
BL492,IT6967,6,943
BL745,IT2577,9,844
BL541,IT3327,5,514
BL389,IT1887,7,934
BL250,IT0136,10,589
BL062,IT7436,9,856
BL359,IT0427,8,575
BL508,IT8115,9,742
BL108,IT1249,7,764
BL337,IT9387,9,720
BL536,IT7690,5,540
BL288,IT6053,7,526
BL086,IT9542,9,884
BL808,IT3417,6,537
BL300,IT6822,10,661
BL043,IT8696,6,800
BL588,IT4429,7,902
BL103,IT0838,5,970
BL038,IT4738,5,934
BL242,IT4742,9,825
BL524,IT6981,6,689
BL532,IT3227,5,911
BL860,IT2145,9,674
BL093,IT4742,8,924
BL530,IT7341,6,504
BL108,IT4951,6,978
BL616,IT5362,6,832
BL461,IT5742,9,909
BL233,IT6178,6,509
BL597,IT9764,7,934
BL183,IT0288,10,817
BL076,IT3119,5,805
BL801,IT0769,6,810
BL338,IT0620,7,891
BL060,IT8115,9,573
BL999,IT6599,6,560
BL868,IT8582,5,516
BL706,IT3853,7,563
BL036,IT8543,6,729
BL948,IT7193,6,840
BL486,IT9469,8,936
BL534,IT0022,9,871
BL001,IT8930,5,530
BL992,IT1521,7,551
BL495,IT8585,8,523
BL792,IT2692,7,645
BL302,IT9764,10,815
BL695,IT2266,9,827
BL296,IT3838,8,774
BL864,IT5090,8,583
BL532,IT3283,10,528
BL616,IT6680,5,627
BL142,IT8069,7,563
BL402,IT1577,9,920
BL322,IT4758,8,761
BL134,IT3668,10,659
BL520,IT0995,6,648
BL622,IT3853,10,903
BL179,IT0022,10,959
BL024,IT6967,7,959
BL377,IT6807,7,627
BL553,IT2577,10,514
BL231,IT4278,10,670
BL695,IT1075,9,658
BL805,IT8076,5,511
BL665,IT2101,10,618
BL904,IT6801,7,560
BL584,IT6728,6,880
BL189,IT1334,8,777
BL783,IT7768,9,678
BL515,IT5228,9,763
BL239,IT5867,5,582
BL382,IT3206,9,711
BL296,IT8073,6,537
BL851,IT5491,10,956
BL656,IT4738,5,572
BL278,IT8285,5,583
BL062,IT4086,10,748
BL151,IT0363,8,751
BL456,IT5611,9,512
BL231,IT4142,9,780
BL780,IT1390,7,773
BL862,IT2840,5,920
BL636,IT8286,5,555
BL380,IT5763,5,649
BL877,IT3965,6,707
BL140,IT3203,10,680
BL164,IT6247,10,849
BL302,IT3818,10,865
BL146,IT1536,8,921
BL530,IT7044,9,587
BL981,IT8815,7,526
BL830,IT8308,10,879
BL416,IT1794,5,846
BL420,IT3364,6,521
BL416,IT2113,9,965
BL239,IT1149,9,756
BL421,IT0780,8,761
BL389,IT1593,5,708
BL117,IT7676,9,948
BL111,IT0171,10,880
BL457,IT3378,9,895
BL338,IT1840,6,753
BL302,IT9291,5,815
BL639,IT3823,8,946
BL713,IT9318,7,534
BL024,IT1473,8,857
BL300,IT4355,8,562
BL484,IT0352,8,770
BL227,IT3428,7,574
BL837,IT6053,10,859
BL338,IT7421,10,858
BL728,IT3305,8,607
BL585,IT5870,8,773
BL296,IT7599,6,694
BL758,IT4142,9,640
BL331,IT8459,9,749
BL189,IT9852,8,501
BL544,IT6577,10,732
BL486,IT8190,10,846
BL211,IT9852,10,534
BL899,IT2405,8,938
BL492,IT1536,7,933
BL715,IT1033,6,871
BL894,IT8913,10,825
BL941,IT6415,5,646
BL218,IT5221,9,977
BL634,IT8585,8,524
BL227,IT6123,5,967
BL506,IT3428,9,656
BL639,IT2591,9,854
BL744,IT0851,5,742
BL860,IT5234,9,729
BL324,IT3417,5,991
BL577,IT0078,6,694
BL125,IT1149,7,695
BL443,IT3305,6,906
BL014,IT8003,5,557
BL231,IT3481,8,811
BL402,IT0397,6,524
BL302,IT1261,6,787
BL036,IT5925,6,933
BL306,IT5459,7,680
BL576,IT4273,9,903
BL538,IT8063,6,628
BL478,IT5459,8,528
BL443,IT2190,10,771
BL538,IT3069,6,649
BL973,IT8286,9,587
BL495,IT9814,6,884
BL924,IT6365,10,577
BL914,IT9912,9,844
BL689,IT7003,8,902
BL460,IT0828,5,734
BL499,IT2190,9,733
BL907,IT9852,5,682
BL413,IT9181,10,573
BL032,IT2266,9,611
BL508,IT5101,5,665
BL658,IT8442,9,508
BL719,IT2634,8,873
BL484,IT0243,7,734
BL963,IT9847,9,537
BL317,IT6134,6,565
BL220,IT8442,5,650
BL806,IT0227,10,934
BL001,IT6093,8,628
BL293,IT0005,10,987
BL914,IT3327,8,568
BL991,IT8265,8,800
BL638,IT5522,6,882
BL444,IT0918,10,759
BL113,IT5705,7,774
BL810,IT4552,9,686
BL492,IT5742,10,921
BL058,IT4735,9,589
BL583,IT1772,8,937
BL456,IT3371,9,581
BL001,IT6294,7,537
BL758,IT2134,7,815
BL577,IT9600,9,611
BL377,IT1662,9,844
BL136,IT0656,10,658
BL475,IT8952,7,817
BL028,IT3007,10,602
BL695,IT2823,8,568
BL559,IT3823,8,959
BL874,IT1346,5,544
BL311,IT0131,6,920
BL471,IT7252,8,839
BL534,IT6946,10,568
BL584,IT5101,6,885
BL658,IT2823,7,685
BL611,IT9717,10,854
BL359,IT8709,5,656
BL661,IT5522,6,914
BL688,IT9523,5,747
BL604,IT3327,10,809
BL189,IT6642,5,906
BL530,IT4634,10,977
BL341,IT8625,9,923
BL179,IT1198,6,931
BL393,IT8944,6,685
BL086,IT1939,5,624
BL937,IT0003,6,817
BL322,IT6134,7,565
BL492,IT5561,8,625
BL524,IT0519,10,833
BL108,IT0022,9,889
BL241,IT9853,5,889
BL472,IT8322,5,602
BL060,IT1381,8,965
BL536,IT3339,5,837
BL937,IT2488,9,938
BL231,IT5532,6,582
BL657,IT8738,6,678
BL433,IT2837,6,972
BL229,IT6425,8,723
BL792,IT2488,10,649
BL334,IT3440,8,516
BL614,IT8322,5,751
BL239,IT8990,10,814
BL179,IT0352,10,537
BL532,IT6906,5,501
BL806,IT7069,7,809
BL544,IT3440,5,828
BL119,IT1521,5,598
BL930,IT7406,6,589
BL713,IT3007,9,683
BL736,IT6178,8,644
BL127,IT7193,9,523
BL331,IT8952,10,727
BL783,IT6135,10,891
BL105,IT6162,6,854
BL183,IT5619,7,648
BL842,IT8244,10,506
BL714,IT7077,6,742
BL433,IT5561,10,562
BL716,IT4496,7,963
BL772,IT5611,7,680
BL585,IT6599,10,936
BL495,IT9469,5,628
BL758,IT0918,10,964
BL322,IT8076,7,528
BL484,IT6001,5,891
BL638,IT6599,9,514
BL941,IT8360,9,675
BL758,IT1370,10,978
BL436,IT9371,7,584
BL530,IT9717,6,603
BL139,IT3838,9,503
BL278,IT7436,5,528
BL946,IT1662,6,623
BL805,IT9452,5,871
BL413,IT4551,7,816
BL652,IT4230,7,534
BL032,IT5351,8,602
BL151,IT8482,7,872
BL166,IT9806,9,510
BL878,IT6648,6,844
BL183,IT1261,5,628
BL576,IT1682,5,885
BL324,IT7551,10,734
BL664,IT8009,5,871
BL183,IT1518,10,957
BL874,IT3965,8,955
BL899,IT5570,10,846
BL538,IT0492,9,607
BL386,IT8683,5,828
BL064,IT5440,10,992
BL895,IT6425,10,670
BL715,IT2101,7,833
BL660,IT3823,10,684
BL032,IT7112,5,844
BL506,IT0543,5,704
BL009,IT2226,6,979
BL033,IT4618,10,708
BL032,IT5459,7,914
BL228,IT7823,8,922
BL480,IT4004,9,809
BL559,IT9168,8,732
BL937,IT1033,7,828
BL231,IT2840,8,658
BL499,IT7823,10,573
BL544,IT5867,7,725
BL850,IT3366,8,882
BL386,IT5790,10,828
BL140,IT6685,10,674
BL714,IT6961,7,797
BL713,IT9168,5,504
BL119,IT3314,10,854
BL781,IT3214,9,537
BL553,IT6425,5,857
BL719,IT9387,10,769
BL800,IT8478,9,882
BL085,IT1968,6,746
BL780,IT5867,8,903
BL576,IT7897,9,840
BL322,IT3378,10,889
BL011,IT3342,8,656
BL614,IT7972,9,607
BL614,IT1317,10,585
BL119,IT4735,6,777
BL850,IT5221,6,856
BL377,IT4634,8,665
BL072,IT6367,10,842
BL895,IT0797,10,601
BL300,IT2251,10,534
BL921,IT1108,5,949
BL285,IT7715,9,742
BL111,IT9749,6,780
BL158,IT8977,5,694
BL461,IT9894,6,837
BL877,IT7102,6,958
BL913,IT2534,7,764
BL659,IT9834,6,918
BL848,IT7911,9,624
BL898,IT9324,8,943
BL937,IT7436,9,900
BL436,IT8900,10,734
BL162,IT2920,10,665
BL947,IT3183,6,557
BL032,IT4772,7,658
BL084,IT0003,5,787
BL013,IT3710,9,628
BL921,IT2125,5,627
BL336,IT8065,7,607
BL004,IT3327,10,771
BL783,IT6921,9,729
BL924,IT3183,7,513
BL719,IT2188,9,753
BL553,IT5986,8,627
BL736,IT3164,9,683
BL907,IT5570,5,788
BL576,IT4830,6,818
BL137,IT8523,10,972
BL491,IT4004,9,658
BL848,IT5386,5,806
BL752,IT7307,6,933
BL300,IT1170,10,647
BL922,IT7202,8,811
BL676,IT7337,6,685
BL937,IT9523,8,551
BL747,IT8073,9,694
BL907,IT4230,6,871
BL058,IT5865,9,595
BL919,IT4540,7,729
BL576,IT9371,8,584
BL850,IT8952,6,691
BL475,IT8922,10,679
BL732,IT5925,5,970
BL331,IT0003,8,742
BL444,IT1511,10,858
BL553,IT8241,7,969
BL456,IT2634,5,581
BL220,IT5742,9,524
BL176,IT8585,6,640
BL696,IT8523,6,742
BL972,IT7102,5,650
BL386,IT7069,8,954
BL770,IT5884,7,818
BL976,IT9317,9,955
BL689,IT5256,10,972
BL610,IT8478,5,501
BL504,IT9984,9,618
BL992,IT1317,9,906
BL166,IT3593,7,937
BL407,IT0769,6,508
BL137,IT4460,10,810
BL193,IT0266,7,557
BL535,IT8815,5,710
BL646,IT3314,6,847
BL265,IT9613,6,719
BL542,IT3823,8,818
BL698,IT6717,8,512
BL492,IT8500,10,501
BL134,IT7193,6,992
BL660,IT8944,10,752
BL950,IT5801,5,577
BL673,IT3944,6,842
BL460,IT2311,9,978
BL545,IT6961,6,757
BL322,IT9028,8,591
BL588,IT1814,8,844
BL868,IT9600,6,756
BL972,IT3533,5,691
BL031,IT5491,6,756
BL948,IT1968,6,684
BL982,IT2885,8,680
BL122,IT5386,5,787
BL652,IT8976,10,726
BL033,IT6599,8,972
BL288,IT1536,9,885
BL038,IT2188,7,672
BL436,IT2122,5,892
BL914,IT8073,6,558
BL136,IT0375,9,923
BL241,IT4325,9,853
BL541,IT6365,9,800
BL555,IT7608,9,648
BL057,IT8990,8,866
BL086,IT1108,7,739
BL619,IT8051,5,873
BL972,IT1156,7,734
BL183,IT7177,5,587
BL134,IT0317,10,602
BL763,IT6967,6,623
BL495,IT1114,9,661
BL821,IT9482,8,920
BL571,IT2676,6,776
BL770,IT3226,10,800
BL108,IT8182,8,670
BL937,IT2113,10,648
BL611,IT9317,9,621
BL899,IT8619,9,873
BL317,IT3917,5,920
BL732,IT9268,7,691
BL042,IT1763,5,906
BL285,IT7857,7,582
BL136,IT9317,10,859
BL999,IT6156,5,526
BL770,IT0227,10,779
BL137,IT3428,10,969
BL542,IT0918,7,563
BL189,IT0769,8,843
BL615,IT2837,10,871
BL865,IT6367,7,587
BL413,IT4517,10,957
BL623,IT7039,5,809
BL850,IT4908,8,710
BL036,IT4044,10,723
BL646,IT8585,9,871
BL592,IT7076,10,647
BL501,IT3440,7,923
BL576,IT3533,10,551
BL472,IT5870,10,624
BL146,IT0836,9,678
BL585,IT9853,9,722
BL109,IT1033,7,842
BL374,IT3782,5,849
BL842,IT0623,7,889
BL736,IT7069,6,628
BL324,IT8582,10,788
BL139,IT7319,8,526
BL051,IT2554,6,596
BL831,IT8625,7,946
BL453,IT2885,5,756
BL406,IT6156,8,838
BL792,IT8854,8,979
BL841,IT5570,6,847
BL660,IT7212,7,676
BL231,IT0397,8,769
BL013,IT6340,10,843
BL971,IT0136,9,568
BL772,IT2320,8,729
BL145,IT6967,9,645
BL810,IT5570,7,725
BL026,IT1249,5,953
BL791,IT4278,8,587
BL585,IT0397,7,642
BL722,IT6001,10,936
BL848,IT2391,10,513
BL456,IT7436,7,871
BL805,IT0540,9,658
BL024,IT5994,8,858
BL865,IT0491,10,601
BL526,IT9318,8,964
BL553,IT8342,7,726
BL047,IT0309,10,763
BL719,IT5561,5,647
BL103,IT7202,10,949
BL590,IT2025,8,662
BL370,IT3593,10,589
BL384,IT4464,5,846
