barLicense,Day,Open Time,Close Time
BL127,Mon,11:00:00,23:00:00
BL127,Tue,11:00:00,23:00:00
BL127,Wed,11:00:00,23:00:00
BL127,Thu,9:00:00,23:00:00
BL127,Fri,9:00:00,23:00:00
BL127,Sat,8:00:00,0:00:00
BL127,Sun,8:00:00,0:00:00
BL948,Mon,11:00:00,23:00:00
BL948,Tue,11:00:00,23:00:00
BL948,Wed,11:00:00,23:00:00
BL948,Thu,9:00:00,23:00:00
BL948,Fri,9:00:00,23:00:00
BL948,Sat,8:00:00,0:00:00
BL948,Sun,8:00:00,0:00:00
BL486,Mon,11:00:00,23:00:00
BL486,Tue,11:00:00,23:00:00
BL486,Wed,11:00:00,23:00:00
BL486,Thu,9:00:00,23:00:00
BL486,Fri,9:00:00,23:00:00
BL486,Sat,8:00:00,0:00:00
BL486,Sun,8:00:00,0:00:00
BL241,Mon,11:00:00,23:00:00
BL241,Tue,11:00:00,23:00:00
BL241,Wed,11:00:00,23:00:00
BL241,Thu,9:00:00,23:00:00
BL241,Fri,9:00:00,23:00:00
BL241,Sat,8:00:00,0:00:00
BL241,Sun,8:00:00,0:00:00
BL719,Mon,11:00:00,23:00:00
BL719,Tue,11:00:00,23:00:00
BL719,Wed,11:00:00,23:00:00
BL719,Thu,9:00:00,23:00:00
BL719,Fri,9:00:00,23:00:00
BL719,Sat,8:00:00,0:00:00
BL719,Sun,8:00:00,0:00:00
BL164,Mon,11:00:00,23:00:00
BL164,Tue,11:00:00,23:00:00
BL164,Wed,11:00:00,23:00:00
BL164,Thu,9:00:00,23:00:00
BL164,Fri,9:00:00,23:00:00
BL164,Sat,8:00:00,0:00:00
BL164,Sun,8:00:00,0:00:00
BL028,Mon,11:00:00,23:00:00
BL028,Tue,11:00:00,23:00:00
BL028,Wed,11:00:00,23:00:00
BL028,Thu,9:00:00,23:00:00
BL028,Fri,9:00:00,23:00:00
BL028,Sat,8:00:00,0:00:00
BL028,Sun,8:00:00,0:00:00
BL382,Mon,11:00:00,23:00:00
BL382,Tue,11:00:00,23:00:00
BL382,Wed,11:00:00,23:00:00
BL382,Thu,9:00:00,23:00:00
BL382,Fri,9:00:00,23:00:00
BL382,Sat,8:00:00,0:00:00
BL382,Sun,8:00:00,0:00:00
BL302,Mon,11:00:00,23:00:00
BL302,Tue,11:00:00,23:00:00
BL302,Wed,11:00:00,23:00:00
BL302,Thu,9:00:00,23:00:00
BL302,Fri,9:00:00,23:00:00
BL302,Sat,8:00:00,0:00:00
BL302,Sun,8:00:00,0:00:00
BL800,Mon,11:00:00,23:00:00
BL800,Tue,11:00:00,23:00:00
BL800,Wed,11:00:00,23:00:00
BL800,Thu,9:00:00,23:00:00
BL800,Fri,9:00:00,23:00:00
BL800,Sat,8:00:00,0:00:00
BL800,Sun,8:00:00,0:00:00
BL105,Mon,11:00:00,23:00:00
BL105,Tue,11:00:00,23:00:00
BL105,Wed,11:00:00,23:00:00
BL105,Thu,9:00:00,23:00:00
BL105,Fri,9:00:00,23:00:00
BL105,Sat,8:00:00,0:00:00
BL105,Sun,8:00:00,0:00:00
BL604,Mon,11:00:00,23:00:00
BL604,Tue,11:00:00,23:00:00
BL604,Wed,11:00:00,23:00:00
BL604,Thu,9:00:00,23:00:00
BL604,Fri,9:00:00,23:00:00
BL604,Sat,8:00:00,0:00:00
BL604,Sun,8:00:00,0:00:00
BL792,Mon,11:00:00,23:00:00
BL792,Tue,11:00:00,23:00:00
BL792,Wed,11:00:00,23:00:00
BL792,Thu,9:00:00,23:00:00
BL792,Fri,9:00:00,23:00:00
BL792,Sat,8:00:00,0:00:00
BL792,Sun,8:00:00,0:00:00
BL162,Mon,11:00:00,23:00:00
BL162,Tue,11:00:00,23:00:00
BL162,Wed,11:00:00,23:00:00
BL162,Thu,9:00:00,23:00:00
BL162,Fri,9:00:00,23:00:00
BL162,Sat,8:00:00,0:00:00
BL162,Sun,8:00:00,0:00:00
BL757,Mon,11:00:00,23:00:00
BL757,Tue,11:00:00,23:00:00
BL757,Wed,11:00:00,23:00:00
BL757,Thu,9:00:00,23:00:00
BL757,Fri,9:00:00,23:00:00
BL757,Sat,8:00:00,0:00:00
BL757,Sun,8:00:00,0:00:00
BL856,Mon,11:00:00,23:00:00
BL856,Tue,11:00:00,23:00:00
BL856,Wed,11:00:00,23:00:00
BL856,Thu,9:00:00,23:00:00
BL856,Fri,9:00:00,23:00:00
BL856,Sat,8:00:00,0:00:00
BL856,Sun,8:00:00,0:00:00
BL001,Mon,11:00:00,23:00:00
BL001,Tue,11:00:00,23:00:00
BL001,Wed,11:00:00,23:00:00
BL001,Thu,9:00:00,23:00:00
BL001,Fri,9:00:00,23:00:00
BL001,Sat,8:00:00,0:00:00
BL001,Sun,8:00:00,0:00:00
BL777,Mon,11:00:00,23:00:00
BL777,Tue,11:00:00,23:00:00
BL777,Wed,11:00:00,23:00:00
BL777,Thu,9:00:00,23:00:00
BL777,Fri,9:00:00,23:00:00
BL777,Sat,8:00:00,0:00:00
BL777,Sun,8:00:00,0:00:00
BL515,Mon,11:00:00,23:00:00
BL515,Tue,11:00:00,23:00:00
BL515,Wed,11:00:00,23:00:00
BL515,Thu,9:00:00,23:00:00
BL515,Fri,9:00:00,23:00:00
BL515,Sat,8:00:00,0:00:00
BL515,Sun,8:00:00,0:00:00
BL791,Mon,11:00:00,23:00:00
BL791,Tue,11:00:00,23:00:00
BL791,Wed,11:00:00,23:00:00
BL791,Thu,9:00:00,23:00:00
BL791,Fri,9:00:00,23:00:00
BL791,Sat,8:00:00,0:00:00
BL791,Sun,8:00:00,0:00:00
BL722,Mon,11:00:00,23:00:00
BL722,Tue,11:00:00,23:00:00
BL722,Wed,11:00:00,23:00:00
BL722,Thu,9:00:00,23:00:00
BL722,Fri,9:00:00,23:00:00
BL722,Sat,8:00:00,0:00:00
BL722,Sun,8:00:00,0:00:00
BL590,Mon,11:00:00,23:00:00
BL590,Tue,11:00:00,23:00:00
BL590,Wed,11:00:00,23:00:00
BL590,Thu,9:00:00,23:00:00
BL590,Fri,9:00:00,23:00:00
BL590,Sat,8:00:00,0:00:00
BL590,Sun,8:00:00,0:00:00
BL478,Mon,11:00:00,23:00:00
BL478,Tue,11:00:00,23:00:00
BL478,Wed,11:00:00,23:00:00
BL478,Thu,9:00:00,23:00:00
BL478,Fri,9:00:00,23:00:00
BL478,Sat,8:00:00,0:00:00
BL478,Sun,8:00:00,0:00:00
BL026,Mon,11:00:00,23:00:00
BL026,Tue,11:00:00,23:00:00
BL026,Wed,11:00:00,23:00:00
BL026,Thu,9:00:00,23:00:00
BL026,Fri,9:00:00,23:00:00
BL026,Sat,8:00:00,0:00:00
BL026,Sun,8:00:00,0:00:00
BL031,Mon,11:00:00,23:00:00
BL031,Tue,11:00:00,23:00:00
BL031,Wed,11:00:00,23:00:00
BL031,Thu,9:00:00,23:00:00
BL031,Fri,9:00:00,23:00:00
BL031,Sat,8:00:00,0:00:00
BL031,Sun,8:00:00,0:00:00
BL921,Mon,11:00:00,23:00:00
BL921,Tue,11:00:00,23:00:00
BL921,Wed,11:00:00,23:00:00
BL921,Thu,9:00:00,23:00:00
BL921,Fri,9:00:00,23:00:00
BL921,Sat,8:00:00,0:00:00
BL921,Sun,8:00:00,0:00:00
BL512,Mon,11:00:00,23:00:00
BL512,Tue,11:00:00,23:00:00
BL512,Wed,11:00:00,23:00:00
BL512,Thu,9:00:00,23:00:00
BL512,Fri,9:00:00,23:00:00
BL512,Sat,8:00:00,0:00:00
BL512,Sun,8:00:00,0:00:00
BL374,Mon,11:00:00,23:00:00
BL374,Tue,11:00:00,23:00:00
BL374,Wed,11:00:00,23:00:00
BL374,Thu,9:00:00,23:00:00
BL374,Fri,9:00:00,23:00:00
BL374,Sat,8:00:00,0:00:00
BL374,Sun,8:00:00,0:00:00
BL011,Mon,11:00:00,23:00:00
BL011,Tue,11:00:00,23:00:00
BL011,Wed,11:00:00,23:00:00
BL011,Thu,9:00:00,23:00:00
BL011,Fri,9:00:00,23:00:00
BL011,Sat,8:00:00,0:00:00
BL011,Sun,8:00:00,0:00:00
BL170,Mon,11:00:00,23:00:00
BL170,Tue,11:00:00,23:00:00
BL170,Wed,11:00:00,23:00:00
BL170,Thu,9:00:00,23:00:00
BL170,Fri,9:00:00,23:00:00
BL170,Sat,8:00:00,0:00:00
BL170,Sun,8:00:00,0:00:00
BL060,Mon,11:00:00,23:00:00
BL060,Tue,11:00:00,23:00:00
BL060,Wed,11:00:00,23:00:00
BL060,Thu,9:00:00,23:00:00
BL060,Fri,9:00:00,23:00:00
BL060,Sat,8:00:00,0:00:00
BL060,Sun,8:00:00,0:00:00
BL937,Mon,11:00:00,23:00:00
BL937,Tue,11:00:00,23:00:00
BL937,Wed,11:00:00,23:00:00
BL937,Thu,9:00:00,23:00:00
BL937,Fri,9:00:00,23:00:00
BL937,Sat,8:00:00,0:00:00
BL937,Sun,8:00:00,0:00:00
BL103,Mon,11:00:00,23:00:00
BL103,Tue,11:00:00,23:00:00
BL103,Wed,11:00:00,23:00:00
BL103,Thu,9:00:00,23:00:00
BL103,Fri,9:00:00,23:00:00
BL103,Sat,8:00:00,0:00:00
BL103,Sun,8:00:00,0:00:00
BL808,Mon,11:00:00,23:00:00
BL808,Tue,11:00:00,23:00:00
BL808,Wed,11:00:00,23:00:00
BL808,Thu,9:00:00,23:00:00
BL808,Fri,9:00:00,23:00:00
BL808,Sat,8:00:00,0:00:00
BL808,Sun,8:00:00,0:00:00
BL584,Mon,11:00:00,23:00:00
BL584,Tue,11:00:00,23:00:00
BL584,Wed,11:00:00,23:00:00
BL584,Thu,9:00:00,23:00:00
BL584,Fri,9:00:00,23:00:00
BL584,Sat,8:00:00,0:00:00
BL584,Sun,8:00:00,0:00:00
BL495,Mon,11:00:00,23:00:00
BL495,Tue,11:00:00,23:00:00
BL495,Wed,11:00:00,23:00:00
BL495,Thu,9:00:00,23:00:00
BL495,Fri,9:00:00,23:00:00
BL495,Sat,8:00:00,0:00:00
BL495,Sun,8:00:00,0:00:00
BL810,Mon,11:00:00,23:00:00
BL810,Tue,11:00:00,23:00:00
BL810,Wed,11:00:00,23:00:00
BL810,Thu,9:00:00,23:00:00
BL810,Fri,9:00:00,23:00:00
BL810,Sat,8:00:00,0:00:00
BL810,Sun,8:00:00,0:00:00
BL480,Mon,11:00:00,23:00:00
BL480,Tue,11:00:00,23:00:00
BL480,Wed,11:00:00,23:00:00
BL480,Thu,9:00:00,23:00:00
BL480,Fri,9:00:00,23:00:00
BL480,Sat,8:00:00,0:00:00
BL480,Sun,8:00:00,0:00:00
BL332,Mon,11:00:00,23:00:00
BL332,Tue,11:00:00,23:00:00
BL332,Wed,11:00:00,23:00:00
BL332,Thu,9:00:00,23:00:00
BL332,Fri,9:00:00,23:00:00
BL332,Sat,8:00:00,0:00:00
BL332,Sun,8:00:00,0:00:00
BL797,Mon,11:00:00,23:00:00
BL797,Tue,11:00:00,23:00:00
BL797,Wed,11:00:00,23:00:00
BL797,Thu,9:00:00,23:00:00
BL797,Fri,9:00:00,23:00:00
BL797,Sat,8:00:00,0:00:00
BL797,Sun,8:00:00,0:00:00
BL806,Mon,11:00:00,23:00:00
BL806,Tue,11:00:00,23:00:00
BL806,Wed,11:00:00,23:00:00
BL806,Thu,9:00:00,23:00:00
BL806,Fri,9:00:00,23:00:00
BL806,Sat,8:00:00,0:00:00
BL806,Sun,8:00:00,0:00:00
BL805,Mon,11:00:00,23:00:00
BL805,Tue,11:00:00,23:00:00
BL805,Wed,11:00:00,23:00:00
BL805,Thu,9:00:00,23:00:00
BL805,Fri,9:00:00,23:00:00
BL805,Sat,8:00:00,0:00:00
BL805,Sun,8:00:00,0:00:00
BL614,Mon,11:00:00,23:00:00
BL614,Tue,11:00:00,23:00:00
BL614,Wed,11:00:00,23:00:00
BL614,Thu,9:00:00,23:00:00
BL614,Fri,9:00:00,23:00:00
BL614,Sat,8:00:00,0:00:00
BL614,Sun,8:00:00,0:00:00
BL836,Mon,11:00:00,23:00:00
BL836,Tue,11:00:00,23:00:00
BL836,Wed,11:00:00,23:00:00
BL836,Thu,9:00:00,23:00:00
BL836,Fri,9:00:00,23:00:00
BL836,Sat,8:00:00,0:00:00
BL836,Sun,8:00:00,0:00:00
BL639,Mon,11:00:00,23:00:00
BL639,Tue,11:00:00,23:00:00
BL639,Wed,11:00:00,23:00:00
BL639,Thu,9:00:00,23:00:00
BL639,Fri,9:00:00,23:00:00
BL639,Sat,8:00:00,0:00:00
BL639,Sun,8:00:00,0:00:00
BL744,Mon,11:00:00,23:00:00
BL744,Tue,11:00:00,23:00:00
BL744,Wed,11:00:00,23:00:00
BL744,Thu,9:00:00,23:00:00
BL744,Fri,9:00:00,23:00:00
BL744,Sat,8:00:00,0:00:00
BL744,Sun,8:00:00,0:00:00
BL141,Mon,11:00:00,23:00:00
BL141,Tue,11:00:00,23:00:00
BL141,Wed,11:00:00,23:00:00
BL141,Thu,9:00:00,23:00:00
BL141,Fri,9:00:00,23:00:00
BL141,Sat,8:00:00,0:00:00
BL141,Sun,8:00:00,0:00:00
BL545,Mon,11:00:00,23:00:00
BL545,Tue,11:00:00,23:00:00
BL545,Wed,11:00:00,23:00:00
BL545,Thu,9:00:00,23:00:00
BL545,Fri,9:00:00,23:00:00
BL545,Sat,8:00:00,0:00:00
BL545,Sun,8:00:00,0:00:00
BL383,Mon,11:00:00,23:00:00
BL383,Tue,11:00:00,23:00:00
BL383,Wed,11:00:00,23:00:00
BL383,Thu,9:00:00,23:00:00
BL383,Fri,9:00:00,23:00:00
BL383,Sat,8:00:00,0:00:00
BL383,Sun,8:00:00,0:00:00
BL719,Mon,11:00:00,23:00:00
BL719,Tue,11:00:00,23:00:00
BL719,Wed,11:00:00,23:00:00
BL719,Thu,9:00:00,23:00:00
BL719,Fri,9:00:00,23:00:00
BL719,Sat,8:00:00,0:00:00
BL719,Sun,8:00:00,0:00:00
BL656,Mon,11:00:00,23:00:00
BL656,Tue,11:00:00,23:00:00
BL656,Wed,11:00:00,23:00:00
BL656,Thu,9:00:00,23:00:00
BL656,Fri,9:00:00,23:00:00
BL656,Sat,8:00:00,0:00:00
BL656,Sun,8:00:00,0:00:00
BL665,Mon,11:00:00,23:00:00
BL665,Tue,11:00:00,23:00:00
BL665,Wed,11:00:00,23:00:00
BL665,Thu,9:00:00,23:00:00
BL665,Fri,9:00:00,23:00:00
BL665,Sat,8:00:00,0:00:00
BL665,Sun,8:00:00,0:00:00
BL250,Mon,11:00:00,23:00:00
BL250,Tue,11:00:00,23:00:00
BL250,Wed,11:00:00,23:00:00
BL250,Thu,9:00:00,23:00:00
BL250,Fri,9:00:00,23:00:00
BL250,Sat,8:00:00,0:00:00
BL250,Sun,8:00:00,0:00:00
BL288,Mon,11:00:00,23:00:00
BL288,Tue,11:00:00,23:00:00
BL288,Wed,11:00:00,23:00:00
BL288,Thu,9:00:00,23:00:00
BL288,Fri,9:00:00,23:00:00
BL288,Sat,8:00:00,0:00:00
BL288,Sun,8:00:00,0:00:00
BL395,Mon,11:00:00,23:00:00
BL395,Tue,11:00:00,23:00:00
BL395,Wed,11:00:00,23:00:00
BL395,Thu,9:00:00,23:00:00
BL395,Fri,9:00:00,23:00:00
BL395,Sat,8:00:00,0:00:00
BL395,Sun,8:00:00,0:00:00
BL034,Mon,11:00:00,23:00:00
BL034,Tue,11:00:00,23:00:00
BL034,Wed,11:00:00,23:00:00
BL034,Thu,9:00:00,23:00:00
BL034,Fri,9:00:00,23:00:00
BL034,Sat,8:00:00,0:00:00
BL034,Sun,8:00:00,0:00:00
BL338,Mon,11:00:00,23:00:00
BL338,Tue,11:00:00,23:00:00
BL338,Wed,11:00:00,23:00:00
BL338,Thu,9:00:00,23:00:00
BL338,Fri,9:00:00,23:00:00
BL338,Sat,8:00:00,0:00:00
BL338,Sun,8:00:00,0:00:00
BL676,Mon,11:00:00,23:00:00
BL676,Tue,11:00:00,23:00:00
BL676,Wed,11:00:00,23:00:00
BL676,Thu,9:00:00,23:00:00
BL676,Fri,9:00:00,23:00:00
BL676,Sat,8:00:00,0:00:00
BL676,Sun,8:00:00,0:00:00
BL752,Mon,11:00:00,23:00:00
BL752,Tue,11:00:00,23:00:00
BL752,Wed,11:00:00,23:00:00
BL752,Thu,9:00:00,23:00:00
BL752,Fri,9:00:00,23:00:00
BL752,Sat,8:00:00,0:00:00
BL752,Sun,8:00:00,0:00:00
BL842,Mon,11:00:00,23:00:00
BL842,Tue,11:00:00,23:00:00
BL842,Wed,11:00:00,23:00:00
BL842,Thu,9:00:00,23:00:00
BL842,Fri,9:00:00,23:00:00
BL842,Sat,8:00:00,0:00:00
BL842,Sun,8:00:00,0:00:00
BL402,Mon,11:00:00,23:00:00
BL402,Tue,11:00:00,23:00:00
BL402,Wed,11:00:00,23:00:00
BL402,Thu,9:00:00,23:00:00
BL402,Fri,9:00:00,23:00:00
BL402,Sat,8:00:00,0:00:00
BL402,Sun,8:00:00,0:00:00
BL914,Mon,11:00:00,23:00:00
BL914,Tue,11:00:00,23:00:00
BL914,Wed,11:00:00,23:00:00
BL914,Thu,9:00:00,23:00:00
BL914,Fri,9:00:00,23:00:00
BL914,Sat,8:00:00,0:00:00
BL914,Sun,8:00:00,0:00:00
BL851,Mon,11:00:00,23:00:00
BL851,Tue,11:00:00,23:00:00
BL851,Wed,11:00:00,23:00:00
BL851,Thu,9:00:00,23:00:00
BL851,Fri,9:00:00,23:00:00
BL851,Sat,8:00:00,0:00:00
BL851,Sun,8:00:00,0:00:00
BL384,Mon,11:00:00,23:00:00
BL384,Tue,11:00:00,23:00:00
BL384,Wed,11:00:00,23:00:00
BL384,Thu,9:00:00,23:00:00
BL384,Fri,9:00:00,23:00:00
BL384,Sat,8:00:00,0:00:00
BL384,Sun,8:00:00,0:00:00
BL868,Mon,11:00:00,23:00:00
BL868,Tue,11:00:00,23:00:00
BL868,Wed,11:00:00,23:00:00
BL868,Thu,9:00:00,23:00:00
BL868,Fri,9:00:00,23:00:00
BL868,Sat,8:00:00,0:00:00
BL868,Sun,8:00:00,0:00:00
BL331,Mon,11:00:00,23:00:00
BL331,Tue,11:00:00,23:00:00
BL331,Wed,11:00:00,23:00:00
BL331,Thu,9:00:00,23:00:00
BL331,Fri,9:00:00,23:00:00
BL331,Sat,8:00:00,0:00:00
BL331,Sun,8:00:00,0:00:00
BL416,Mon,11:00:00,23:00:00
BL416,Tue,11:00:00,23:00:00
BL416,Wed,11:00:00,23:00:00
BL416,Thu,9:00:00,23:00:00
BL416,Fri,9:00:00,23:00:00
BL416,Sat,8:00:00,0:00:00
BL416,Sun,8:00:00,0:00:00
BL460,Mon,11:00:00,23:00:00
BL460,Tue,11:00:00,23:00:00
BL460,Wed,11:00:00,23:00:00
BL460,Thu,9:00:00,23:00:00
BL460,Fri,9:00:00,23:00:00
BL460,Sat,8:00:00,0:00:00
BL460,Sun,8:00:00,0:00:00
BL524,Mon,11:00:00,23:00:00
BL524,Tue,11:00:00,23:00:00
BL524,Wed,11:00:00,23:00:00
BL524,Thu,9:00:00,23:00:00
BL524,Fri,9:00:00,23:00:00
BL524,Sat,8:00:00,0:00:00
BL524,Sun,8:00:00,0:00:00
BL688,Mon,11:00:00,23:00:00
BL688,Tue,11:00:00,23:00:00
BL688,Wed,11:00:00,23:00:00
BL688,Thu,9:00:00,23:00:00
BL688,Fri,9:00:00,23:00:00
BL688,Sat,8:00:00,0:00:00
BL688,Sun,8:00:00,0:00:00
BL108,Mon,11:00:00,23:00:00
BL108,Tue,11:00:00,23:00:00
BL108,Wed,11:00:00,23:00:00
BL108,Thu,9:00:00,23:00:00
BL108,Fri,9:00:00,23:00:00
BL108,Sat,8:00:00,0:00:00
BL108,Sun,8:00:00,0:00:00
BL576,Mon,11:00:00,23:00:00
BL576,Tue,11:00:00,23:00:00
BL576,Wed,11:00:00,23:00:00
BL576,Thu,9:00:00,23:00:00
BL576,Fri,9:00:00,23:00:00
BL576,Sat,8:00:00,0:00:00
BL576,Sun,8:00:00,0:00:00
BL114,Mon,11:00:00,23:00:00
BL114,Tue,11:00:00,23:00:00
BL114,Wed,11:00:00,23:00:00
BL114,Thu,9:00:00,23:00:00
BL114,Fri,9:00:00,23:00:00
BL114,Sat,8:00:00,0:00:00
BL114,Sun,8:00:00,0:00:00
BL810,Mon,11:00:00,23:00:00
BL810,Tue,11:00:00,23:00:00
BL810,Wed,11:00:00,23:00:00
BL810,Thu,9:00:00,23:00:00
BL810,Fri,9:00:00,23:00:00
BL810,Sat,8:00:00,0:00:00
BL810,Sun,8:00:00,0:00:00
BL395,Mon,11:00:00,23:00:00
BL395,Tue,11:00:00,23:00:00
BL395,Wed,11:00:00,23:00:00
BL395,Thu,9:00:00,23:00:00
BL395,Fri,9:00:00,23:00:00
BL395,Sat,8:00:00,0:00:00
BL395,Sun,8:00:00,0:00:00
BL173,Mon,11:00:00,23:00:00
BL173,Tue,11:00:00,23:00:00
BL173,Wed,11:00:00,23:00:00
BL173,Thu,9:00:00,23:00:00
BL173,Fri,9:00:00,23:00:00
BL173,Sat,8:00:00,0:00:00
BL173,Sun,8:00:00,0:00:00
BL386,Mon,11:00:00,23:00:00
BL386,Tue,11:00:00,23:00:00
BL386,Wed,11:00:00,23:00:00
BL386,Thu,9:00:00,23:00:00
BL386,Fri,9:00:00,23:00:00
BL386,Sat,8:00:00,0:00:00
BL386,Sun,8:00:00,0:00:00
BL544,Mon,11:00:00,23:00:00
BL544,Tue,11:00:00,23:00:00
BL544,Wed,11:00:00,23:00:00
BL544,Thu,9:00:00,23:00:00
BL544,Fri,9:00:00,23:00:00
BL544,Sat,8:00:00,0:00:00
BL544,Sun,8:00:00,0:00:00
BL380,Mon,11:00:00,23:00:00
BL380,Tue,11:00:00,23:00:00
BL380,Wed,11:00:00,23:00:00
BL380,Thu,9:00:00,23:00:00
BL380,Fri,9:00:00,23:00:00
BL380,Sat,8:00:00,0:00:00
BL380,Sun,8:00:00,0:00:00
BL393,Mon,11:00:00,23:00:00
BL393,Tue,11:00:00,23:00:00
BL393,Wed,11:00:00,23:00:00
BL393,Thu,9:00:00,23:00:00
BL393,Fri,9:00:00,23:00:00
BL393,Sat,8:00:00,0:00:00
BL393,Sun,8:00:00,0:00:00
BL535,Mon,11:00:00,23:00:00
BL535,Tue,11:00:00,23:00:00
BL535,Wed,11:00:00,23:00:00
BL535,Thu,9:00:00,23:00:00
BL535,Fri,9:00:00,23:00:00
BL535,Sat,8:00:00,0:00:00
BL535,Sun,8:00:00,0:00:00
BL695,Mon,11:00:00,23:00:00
BL695,Tue,11:00:00,23:00:00
BL695,Wed,11:00:00,23:00:00
BL695,Thu,9:00:00,23:00:00
BL695,Fri,9:00:00,23:00:00
BL695,Sat,8:00:00,0:00:00
BL695,Sun,8:00:00,0:00:00
BL922,Mon,11:00:00,23:00:00
BL922,Tue,11:00:00,23:00:00
BL922,Wed,11:00:00,23:00:00
BL922,Thu,9:00:00,23:00:00
BL922,Fri,9:00:00,23:00:00
BL922,Sat,8:00:00,0:00:00
BL922,Sun,8:00:00,0:00:00
BL359,Mon,11:00:00,23:00:00
BL359,Tue,11:00:00,23:00:00
BL359,Wed,11:00:00,23:00:00
BL359,Thu,9:00:00,23:00:00
BL359,Fri,9:00:00,23:00:00
BL359,Sat,8:00:00,0:00:00
BL359,Sun,8:00:00,0:00:00
BL109,Mon,11:00:00,23:00:00
BL109,Tue,11:00:00,23:00:00
BL109,Wed,11:00:00,23:00:00
BL109,Thu,9:00:00,23:00:00
BL109,Fri,9:00:00,23:00:00
BL109,Sat,8:00:00,0:00:00
BL109,Sun,8:00:00,0:00:00
BL758,Mon,11:00:00,23:00:00
BL758,Tue,11:00:00,23:00:00
BL758,Wed,11:00:00,23:00:00
BL758,Thu,9:00:00,23:00:00
BL758,Fri,9:00:00,23:00:00
BL758,Sat,8:00:00,0:00:00
BL758,Sun,8:00:00,0:00:00
BL728,Mon,11:00:00,23:00:00
BL728,Tue,11:00:00,23:00:00
BL728,Wed,11:00:00,23:00:00
BL728,Thu,9:00:00,23:00:00
BL728,Fri,9:00:00,23:00:00
BL728,Sat,8:00:00,0:00:00
BL728,Sun,8:00:00,0:00:00
BL406,Mon,11:00:00,23:00:00
BL406,Tue,11:00:00,23:00:00
BL406,Wed,11:00:00,23:00:00
BL406,Thu,9:00:00,23:00:00
BL406,Fri,9:00:00,23:00:00
BL406,Sat,8:00:00,0:00:00
BL406,Sun,8:00:00,0:00:00
BL558,Mon,11:00:00,23:00:00
BL558,Tue,11:00:00,23:00:00
BL558,Wed,11:00:00,23:00:00
BL558,Thu,9:00:00,23:00:00
BL558,Fri,9:00:00,23:00:00
BL558,Sat,8:00:00,0:00:00
BL558,Sun,8:00:00,0:00:00
BL461,Mon,11:00:00,23:00:00
BL461,Tue,11:00:00,23:00:00
BL461,Wed,11:00:00,23:00:00
BL461,Thu,9:00:00,23:00:00
BL461,Fri,9:00:00,23:00:00
BL461,Sat,8:00:00,0:00:00
BL461,Sun,8:00:00,0:00:00
BL460,Mon,11:00:00,23:00:00
BL460,Tue,11:00:00,23:00:00
BL460,Wed,11:00:00,23:00:00
BL460,Thu,9:00:00,23:00:00
BL460,Fri,9:00:00,23:00:00
BL460,Sat,8:00:00,0:00:00
BL460,Sun,8:00:00,0:00:00
BL941,Mon,11:00:00,23:00:00
BL941,Tue,11:00:00,23:00:00
BL941,Wed,11:00:00,23:00:00
BL941,Thu,9:00:00,23:00:00
BL941,Fri,9:00:00,23:00:00
BL941,Sat,8:00:00,0:00:00
BL941,Sun,8:00:00,0:00:00
BL583,Mon,11:00:00,23:00:00
BL583,Tue,11:00:00,23:00:00
BL583,Wed,11:00:00,23:00:00
BL583,Thu,9:00:00,23:00:00
BL583,Fri,9:00:00,23:00:00
BL583,Sat,8:00:00,0:00:00
BL583,Sun,8:00:00,0:00:00
BL377,Mon,11:00:00,23:00:00
BL377,Tue,11:00:00,23:00:00
BL377,Wed,11:00:00,23:00:00
BL377,Thu,9:00:00,23:00:00
BL377,Fri,9:00:00,23:00:00
BL377,Sat,8:00:00,0:00:00
BL377,Sun,8:00:00,0:00:00
BL999,Mon,11:00:00,23:00:00
BL999,Tue,11:00:00,23:00:00
BL999,Wed,11:00:00,23:00:00
BL999,Thu,9:00:00,23:00:00
BL999,Fri,9:00:00,23:00:00
BL999,Sat,8:00:00,0:00:00
BL999,Sun,8:00:00,0:00:00
BL097,Mon,11:00:00,23:00:00
BL097,Tue,11:00:00,23:00:00
BL097,Wed,11:00:00,23:00:00
BL097,Thu,9:00:00,23:00:00
BL097,Fri,9:00:00,23:00:00
BL097,Sat,8:00:00,0:00:00
BL097,Sun,8:00:00,0:00:00
BL664,Mon,11:00:00,23:00:00
BL664,Tue,11:00:00,23:00:00
BL664,Wed,11:00:00,23:00:00
BL664,Thu,9:00:00,23:00:00
BL664,Fri,9:00:00,23:00:00
BL664,Sat,8:00:00,0:00:00
BL664,Sun,8:00:00,0:00:00
BL850,Mon,11:00:00,23:00:00
BL850,Tue,11:00:00,23:00:00
BL850,Wed,11:00:00,23:00:00
BL850,Thu,9:00:00,23:00:00
BL850,Fri,9:00:00,23:00:00
BL850,Sat,8:00:00,0:00:00
BL850,Sun,8:00:00,0:00:00
BL797,Mon,11:00:00,23:00:00
BL797,Tue,11:00:00,23:00:00
BL797,Wed,11:00:00,23:00:00
BL797,Thu,9:00:00,23:00:00
BL797,Fri,9:00:00,23:00:00
BL797,Sat,8:00:00,0:00:00
BL797,Sun,8:00:00,0:00:00
BL555,Mon,11:00:00,23:00:00
BL555,Tue,11:00:00,23:00:00
BL555,Wed,11:00:00,23:00:00
BL555,Thu,9:00:00,23:00:00
BL555,Fri,9:00:00,23:00:00
BL555,Sat,8:00:00,0:00:00
BL555,Sun,8:00:00,0:00:00
BL510,Mon,11:00:00,23:00:00
BL510,Tue,11:00:00,23:00:00
BL510,Wed,11:00:00,23:00:00
BL510,Thu,9:00:00,23:00:00
BL510,Fri,9:00:00,23:00:00
BL510,Sat,8:00:00,0:00:00
BL510,Sun,8:00:00,0:00:00
BL229,Mon,11:00:00,23:00:00
BL229,Tue,11:00:00,23:00:00
BL229,Wed,11:00:00,23:00:00
BL229,Thu,9:00:00,23:00:00
BL229,Fri,9:00:00,23:00:00
BL229,Sat,8:00:00,0:00:00
BL229,Sun,8:00:00,0:00:00
BL991,Mon,11:00:00,23:00:00
BL991,Tue,11:00:00,23:00:00
BL991,Wed,11:00:00,23:00:00
BL991,Thu,9:00:00,23:00:00
BL991,Fri,9:00:00,23:00:00
BL991,Sat,8:00:00,0:00:00
BL991,Sun,8:00:00,0:00:00
BL919,Mon,11:00:00,23:00:00
BL919,Tue,11:00:00,23:00:00
BL919,Wed,11:00:00,23:00:00
BL919,Thu,9:00:00,23:00:00
BL919,Fri,9:00:00,23:00:00
BL919,Sat,8:00:00,0:00:00
BL919,Sun,8:00:00,0:00:00
BL357,Mon,11:00:00,23:00:00
BL357,Tue,11:00:00,23:00:00
BL357,Wed,11:00:00,23:00:00
BL357,Thu,9:00:00,23:00:00
BL357,Fri,9:00:00,23:00:00
BL357,Sat,8:00:00,0:00:00
BL357,Sun,8:00:00,0:00:00
BL576,Mon,11:00:00,23:00:00
BL576,Tue,11:00:00,23:00:00
BL576,Wed,11:00:00,23:00:00
BL576,Thu,9:00:00,23:00:00
BL576,Fri,9:00:00,23:00:00
BL576,Sat,8:00:00,0:00:00
BL576,Sun,8:00:00,0:00:00
BL874,Mon,11:00:00,23:00:00
BL874,Tue,11:00:00,23:00:00
BL874,Wed,11:00:00,23:00:00
BL874,Thu,9:00:00,23:00:00
BL874,Fri,9:00:00,23:00:00
BL874,Sat,8:00:00,0:00:00
BL874,Sun,8:00:00,0:00:00
BL657,Mon,11:00:00,23:00:00
BL657,Tue,11:00:00,23:00:00
BL657,Wed,11:00:00,23:00:00
BL657,Thu,9:00:00,23:00:00
BL657,Fri,9:00:00,23:00:00
BL657,Sat,8:00:00,0:00:00
BL657,Sun,8:00:00,0:00:00
BL914,Mon,11:00:00,23:00:00
BL914,Tue,11:00:00,23:00:00
BL914,Wed,11:00:00,23:00:00
BL914,Thu,9:00:00,23:00:00
BL914,Fri,9:00:00,23:00:00
BL914,Sat,8:00:00,0:00:00
BL914,Sun,8:00:00,0:00:00
BL733,Mon,11:00:00,23:00:00
BL733,Tue,11:00:00,23:00:00
BL733,Wed,11:00:00,23:00:00
BL733,Thu,9:00:00,23:00:00
BL733,Fri,9:00:00,23:00:00
BL733,Sat,8:00:00,0:00:00
BL733,Sun,8:00:00,0:00:00
BL407,Mon,11:00:00,23:00:00
BL407,Tue,11:00:00,23:00:00
BL407,Wed,11:00:00,23:00:00
BL407,Thu,9:00:00,23:00:00
BL407,Fri,9:00:00,23:00:00
BL407,Sat,8:00:00,0:00:00
BL407,Sun,8:00:00,0:00:00
BL745,Mon,11:00:00,23:00:00
BL745,Tue,11:00:00,23:00:00
BL745,Wed,11:00:00,23:00:00
BL745,Thu,9:00:00,23:00:00
BL745,Fri,9:00:00,23:00:00
BL745,Sat,8:00:00,0:00:00
BL745,Sun,8:00:00,0:00:00
BL114,Mon,11:00:00,23:00:00
BL114,Tue,11:00:00,23:00:00
BL114,Wed,11:00:00,23:00:00
BL114,Thu,9:00:00,23:00:00
BL114,Fri,9:00:00,23:00:00
BL114,Sat,8:00:00,0:00:00
BL114,Sun,8:00:00,0:00:00
BL215,Mon,11:00:00,23:00:00
BL215,Tue,11:00:00,23:00:00
BL215,Wed,11:00:00,23:00:00
BL215,Thu,9:00:00,23:00:00
BL215,Fri,9:00:00,23:00:00
BL215,Sat,8:00:00,0:00:00
BL215,Sun,8:00:00,0:00:00
BL937,Mon,11:00:00,23:00:00
BL937,Tue,11:00:00,23:00:00
BL937,Wed,11:00:00,23:00:00
BL937,Thu,9:00:00,23:00:00
BL937,Fri,9:00:00,23:00:00
BL937,Sat,8:00:00,0:00:00
BL937,Sun,8:00:00,0:00:00
BL530,Mon,11:00:00,23:00:00
BL530,Tue,11:00:00,23:00:00
BL530,Wed,11:00:00,23:00:00
BL530,Thu,9:00:00,23:00:00
BL530,Fri,9:00:00,23:00:00
BL530,Sat,8:00:00,0:00:00
BL530,Sun,8:00:00,0:00:00
BL479,Mon,11:00:00,23:00:00
BL479,Tue,11:00:00,23:00:00
BL479,Wed,11:00:00,23:00:00
BL479,Thu,9:00:00,23:00:00
BL479,Fri,9:00:00,23:00:00
BL479,Sat,8:00:00,0:00:00
BL479,Sun,8:00:00,0:00:00
BL443,Mon,11:00:00,23:00:00
BL443,Tue,11:00:00,23:00:00
BL443,Wed,11:00:00,23:00:00
BL443,Thu,9:00:00,23:00:00
BL443,Fri,9:00:00,23:00:00
BL443,Sat,8:00:00,0:00:00
BL443,Sun,8:00:00,0:00:00
BL747,Mon,11:00:00,23:00:00
BL747,Tue,11:00:00,23:00:00
BL747,Wed,11:00:00,23:00:00
BL747,Thu,9:00:00,23:00:00
BL747,Fri,9:00:00,23:00:00
BL747,Sat,8:00:00,0:00:00
BL747,Sun,8:00:00,0:00:00
BL136,Mon,11:00:00,23:00:00
BL136,Tue,11:00:00,23:00:00
BL136,Wed,11:00:00,23:00:00
BL136,Thu,9:00:00,23:00:00
BL136,Fri,9:00:00,23:00:00
BL136,Sat,8:00:00,0:00:00
BL136,Sun,8:00:00,0:00:00
BL852,Mon,11:00:00,23:00:00
BL852,Tue,11:00:00,23:00:00
BL852,Wed,11:00:00,23:00:00
BL852,Thu,9:00:00,23:00:00
BL852,Fri,9:00:00,23:00:00
BL852,Sat,8:00:00,0:00:00
BL852,Sun,8:00:00,0:00:00
BL732,Mon,11:00:00,23:00:00
BL732,Tue,11:00:00,23:00:00
BL732,Wed,11:00:00,23:00:00
BL732,Thu,9:00:00,23:00:00
BL732,Fri,9:00:00,23:00:00
BL732,Sat,8:00:00,0:00:00
BL732,Sun,8:00:00,0:00:00
BL515,Mon,11:00:00,23:00:00
BL515,Tue,11:00:00,23:00:00
BL515,Wed,11:00:00,23:00:00
BL515,Thu,9:00:00,23:00:00
BL515,Fri,9:00:00,23:00:00
BL515,Sat,8:00:00,0:00:00
BL515,Sun,8:00:00,0:00:00
BL433,Mon,11:00:00,23:00:00
BL433,Tue,11:00:00,23:00:00
BL433,Wed,11:00:00,23:00:00
BL433,Thu,9:00:00,23:00:00
BL433,Fri,9:00:00,23:00:00
BL433,Sat,8:00:00,0:00:00
BL433,Sun,8:00:00,0:00:00
BL179,Mon,11:00:00,23:00:00
BL179,Tue,11:00:00,23:00:00
BL179,Wed,11:00:00,23:00:00
BL179,Thu,9:00:00,23:00:00
BL179,Fri,9:00:00,23:00:00
BL179,Sat,8:00:00,0:00:00
BL179,Sun,8:00:00,0:00:00
BL821,Mon,11:00:00,23:00:00
BL821,Tue,11:00:00,23:00:00
BL821,Wed,11:00:00,23:00:00
BL821,Thu,9:00:00,23:00:00
BL821,Fri,9:00:00,23:00:00
BL821,Sat,8:00:00,0:00:00
BL821,Sun,8:00:00,0:00:00
BL436,Mon,11:00:00,23:00:00
BL436,Tue,11:00:00,23:00:00
BL436,Wed,11:00:00,23:00:00
BL436,Thu,9:00:00,23:00:00
BL436,Fri,9:00:00,23:00:00
BL436,Sat,8:00:00,0:00:00
BL436,Sun,8:00:00,0:00:00
BL495,Mon,11:00:00,23:00:00
BL495,Tue,11:00:00,23:00:00
BL495,Wed,11:00:00,23:00:00
BL495,Thu,9:00:00,23:00:00
BL495,Fri,9:00:00,23:00:00
BL495,Sat,8:00:00,0:00:00
BL495,Sun,8:00:00,0:00:00
BL841,Mon,11:00:00,23:00:00
BL841,Tue,11:00:00,23:00:00
BL841,Wed,11:00:00,23:00:00
BL841,Thu,9:00:00,23:00:00
BL841,Fri,9:00:00,23:00:00
BL841,Sat,8:00:00,0:00:00
BL841,Sun,8:00:00,0:00:00
BL179,Mon,11:00:00,23:00:00
BL179,Tue,11:00:00,23:00:00
BL179,Wed,11:00:00,23:00:00
BL179,Thu,9:00:00,23:00:00
BL179,Fri,9:00:00,23:00:00
BL179,Sat,8:00:00,0:00:00
BL179,Sun,8:00:00,0:00:00
BL531,Mon,11:00:00,23:00:00
BL531,Tue,11:00:00,23:00:00
BL531,Wed,11:00:00,23:00:00
BL531,Thu,9:00:00,23:00:00
BL531,Fri,9:00:00,23:00:00
BL531,Sat,8:00:00,0:00:00
BL531,Sun,8:00:00,0:00:00
BL265,Mon,11:00:00,23:00:00
BL265,Tue,11:00:00,23:00:00
BL265,Wed,11:00:00,23:00:00
BL265,Thu,9:00:00,23:00:00
BL265,Fri,9:00:00,23:00:00
BL265,Sat,8:00:00,0:00:00
BL265,Sun,8:00:00,0:00:00
BL047,Mon,11:00:00,23:00:00
BL047,Tue,11:00:00,23:00:00
BL047,Wed,11:00:00,23:00:00
BL047,Thu,9:00:00,23:00:00
BL047,Fri,9:00:00,23:00:00
BL047,Sat,8:00:00,0:00:00
BL047,Sun,8:00:00,0:00:00
BL709,Mon,11:00:00,23:00:00
BL709,Tue,11:00:00,23:00:00
BL709,Wed,11:00:00,23:00:00
BL709,Thu,9:00:00,23:00:00
BL709,Fri,9:00:00,23:00:00
BL709,Sat,8:00:00,0:00:00
BL709,Sun,8:00:00,0:00:00
BL675,Mon,11:00:00,23:00:00
BL675,Tue,11:00:00,23:00:00
BL675,Wed,11:00:00,23:00:00
BL675,Thu,9:00:00,23:00:00
BL675,Fri,9:00:00,23:00:00
BL675,Sat,8:00:00,0:00:00
BL675,Sun,8:00:00,0:00:00
BL033,Mon,11:00:00,23:00:00
BL033,Tue,11:00:00,23:00:00
BL033,Wed,11:00:00,23:00:00
BL033,Thu,9:00:00,23:00:00
BL033,Fri,9:00:00,23:00:00
BL033,Sat,8:00:00,0:00:00
BL033,Sun,8:00:00,0:00:00
BL001,Mon,11:00:00,23:00:00
BL001,Tue,11:00:00,23:00:00
BL001,Wed,11:00:00,23:00:00
BL001,Thu,9:00:00,23:00:00
BL001,Fri,9:00:00,23:00:00
BL001,Sat,8:00:00,0:00:00
BL001,Sun,8:00:00,0:00:00
BL300,Mon,11:00:00,23:00:00
BL300,Tue,11:00:00,23:00:00
BL300,Wed,11:00:00,23:00:00
BL300,Thu,9:00:00,23:00:00
BL300,Fri,9:00:00,23:00:00
BL300,Sat,8:00:00,0:00:00
BL300,Sun,8:00:00,0:00:00
BL909,Mon,11:00:00,23:00:00
BL909,Tue,11:00:00,23:00:00
BL909,Wed,11:00:00,23:00:00
BL909,Thu,9:00:00,23:00:00
BL909,Fri,9:00:00,23:00:00
BL909,Sat,8:00:00,0:00:00
BL909,Sun,8:00:00,0:00:00
BL698,Mon,11:00:00,23:00:00
BL698,Tue,11:00:00,23:00:00
BL698,Wed,11:00:00,23:00:00
BL698,Thu,9:00:00,23:00:00
BL698,Fri,9:00:00,23:00:00
BL698,Sat,8:00:00,0:00:00
BL698,Sun,8:00:00,0:00:00
BL307,Mon,11:00:00,23:00:00
BL307,Tue,11:00:00,23:00:00
BL307,Wed,11:00:00,23:00:00
BL307,Thu,9:00:00,23:00:00
BL307,Fri,9:00:00,23:00:00
BL307,Sat,8:00:00,0:00:00
BL307,Sun,8:00:00,0:00:00
BL933,Mon,11:00:00,23:00:00
BL933,Tue,11:00:00,23:00:00
BL933,Wed,11:00:00,23:00:00
BL933,Thu,9:00:00,23:00:00
BL933,Fri,9:00:00,23:00:00
BL933,Sat,8:00:00,0:00:00
BL933,Sun,8:00:00,0:00:00
BL780,Mon,11:00:00,23:00:00
BL780,Tue,11:00:00,23:00:00
BL780,Wed,11:00:00,23:00:00
BL780,Thu,9:00:00,23:00:00
BL780,Fri,9:00:00,23:00:00
BL780,Sat,8:00:00,0:00:00
BL780,Sun,8:00:00,0:00:00
BL619,Mon,11:00:00,23:00:00
BL619,Tue,11:00:00,23:00:00
BL619,Wed,11:00:00,23:00:00
BL619,Thu,9:00:00,23:00:00
BL619,Fri,9:00:00,23:00:00
BL619,Sat,8:00:00,0:00:00
BL619,Sun,8:00:00,0:00:00
BL228,Mon,11:00:00,23:00:00
BL228,Tue,11:00:00,23:00:00
BL228,Wed,11:00:00,23:00:00
BL228,Thu,9:00:00,23:00:00
BL228,Fri,9:00:00,23:00:00
BL228,Sat,8:00:00,0:00:00
BL228,Sun,8:00:00,0:00:00
BL420,Mon,11:00:00,23:00:00
BL420,Tue,11:00:00,23:00:00
BL420,Wed,11:00:00,23:00:00
BL420,Thu,9:00:00,23:00:00
BL420,Fri,9:00:00,23:00:00
BL420,Sat,8:00:00,0:00:00
BL420,Sun,8:00:00,0:00:00
BL532,Mon,11:00:00,23:00:00
BL532,Tue,11:00:00,23:00:00
BL532,Wed,11:00:00,23:00:00
BL532,Thu,9:00:00,23:00:00
BL532,Fri,9:00:00,23:00:00
BL532,Sat,8:00:00,0:00:00
BL532,Sun,8:00:00,0:00:00
BL848,Mon,11:00:00,23:00:00
BL848,Tue,11:00:00,23:00:00
BL848,Wed,11:00:00,23:00:00
BL848,Thu,9:00:00,23:00:00
BL848,Fri,9:00:00,23:00:00
BL848,Sat,8:00:00,0:00:00
BL848,Sun,8:00:00,0:00:00
BL878,Mon,11:00:00,23:00:00
BL878,Tue,11:00:00,23:00:00
BL878,Wed,11:00:00,23:00:00
BL878,Thu,9:00:00,23:00:00
BL878,Fri,9:00:00,23:00:00
BL878,Sat,8:00:00,0:00:00
BL878,Sun,8:00:00,0:00:00
BL492,Mon,11:00:00,23:00:00
BL492,Tue,11:00:00,23:00:00
BL492,Wed,11:00:00,23:00:00
BL492,Thu,9:00:00,23:00:00
BL492,Fri,9:00:00,23:00:00
BL492,Sat,8:00:00,0:00:00
BL492,Sun,8:00:00,0:00:00
BL536,Mon,11:00:00,23:00:00
BL536,Tue,11:00:00,23:00:00
BL536,Wed,11:00:00,23:00:00
BL536,Thu,9:00:00,23:00:00
BL536,Fri,9:00:00,23:00:00
BL536,Sat,8:00:00,0:00:00
BL536,Sun,8:00:00,0:00:00
BL765,Mon,11:00:00,23:00:00
BL765,Tue,11:00:00,23:00:00
BL765,Wed,11:00:00,23:00:00
BL765,Thu,9:00:00,23:00:00
BL765,Fri,9:00:00,23:00:00
BL765,Sat,8:00:00,0:00:00
BL765,Sun,8:00:00,0:00:00
BL189,Mon,11:00:00,23:00:00
BL189,Tue,11:00:00,23:00:00
BL189,Wed,11:00:00,23:00:00
BL189,Thu,9:00:00,23:00:00
BL189,Fri,9:00:00,23:00:00
BL189,Sat,8:00:00,0:00:00
BL189,Sun,8:00:00,0:00:00
BL583,Mon,11:00:00,23:00:00
BL583,Tue,11:00:00,23:00:00
BL583,Wed,11:00:00,23:00:00
BL583,Thu,9:00:00,23:00:00
BL583,Fri,9:00:00,23:00:00
BL583,Sat,8:00:00,0:00:00
BL583,Sun,8:00:00,0:00:00
BL070,Mon,11:00:00,23:00:00
BL070,Tue,11:00:00,23:00:00
BL070,Wed,11:00:00,23:00:00
BL070,Thu,9:00:00,23:00:00
BL070,Fri,9:00:00,23:00:00
BL070,Sat,8:00:00,0:00:00
BL070,Sun,8:00:00,0:00:00
BL541,Mon,11:00:00,23:00:00
BL541,Tue,11:00:00,23:00:00
BL541,Wed,11:00:00,23:00:00
BL541,Thu,9:00:00,23:00:00
BL541,Fri,9:00:00,23:00:00
BL541,Sat,8:00:00,0:00:00
BL541,Sun,8:00:00,0:00:00
BL072,Mon,11:00:00,23:00:00
BL072,Tue,11:00:00,23:00:00
BL072,Wed,11:00:00,23:00:00
BL072,Thu,9:00:00,23:00:00
BL072,Fri,9:00:00,23:00:00
BL072,Sat,8:00:00,0:00:00
BL072,Sun,8:00:00,0:00:00
BL491,Mon,11:00:00,23:00:00
BL491,Tue,11:00:00,23:00:00
BL491,Wed,11:00:00,23:00:00
BL491,Thu,9:00:00,23:00:00
BL491,Fri,9:00:00,23:00:00
BL491,Sat,8:00:00,0:00:00
BL491,Sun,8:00:00,0:00:00
BL263,Mon,11:00:00,23:00:00
BL263,Tue,11:00:00,23:00:00
BL263,Wed,11:00:00,23:00:00
BL263,Thu,9:00:00,23:00:00
BL263,Fri,9:00:00,23:00:00
BL263,Sat,8:00:00,0:00:00
BL263,Sun,8:00:00,0:00:00
BL057,Mon,11:00:00,23:00:00
BL057,Tue,11:00:00,23:00:00
BL057,Wed,11:00:00,23:00:00
BL057,Thu,9:00:00,23:00:00
BL057,Fri,9:00:00,23:00:00
BL057,Sat,8:00:00,0:00:00
BL057,Sun,8:00:00,0:00:00
BL658,Mon,11:00:00,23:00:00
BL658,Tue,11:00:00,23:00:00
BL658,Wed,11:00:00,23:00:00
BL658,Thu,9:00:00,23:00:00
BL658,Fri,9:00:00,23:00:00
BL658,Sat,8:00:00,0:00:00
BL658,Sun,8:00:00,0:00:00
BL504,Mon,11:00:00,23:00:00
BL504,Tue,11:00:00,23:00:00
BL504,Wed,11:00:00,23:00:00
BL504,Thu,9:00:00,23:00:00
BL504,Fri,9:00:00,23:00:00
BL504,Sat,8:00:00,0:00:00
BL504,Sun,8:00:00,0:00:00
BL355,Mon,11:00:00,23:00:00
BL355,Tue,11:00:00,23:00:00
BL355,Wed,11:00:00,23:00:00
BL355,Thu,9:00:00,23:00:00
BL355,Fri,9:00:00,23:00:00
BL355,Sat,8:00:00,0:00:00
BL355,Sun,8:00:00,0:00:00
BL484,Mon,11:00:00,23:00:00
BL484,Tue,11:00:00,23:00:00
BL484,Wed,11:00:00,23:00:00
BL484,Thu,9:00:00,23:00:00
BL484,Fri,9:00:00,23:00:00
BL484,Sat,8:00:00,0:00:00
BL484,Sun,8:00:00,0:00:00
BL618,Mon,11:00:00,23:00:00
BL618,Tue,11:00:00,23:00:00
BL618,Wed,11:00:00,23:00:00
BL618,Thu,9:00:00,23:00:00
BL618,Fri,9:00:00,23:00:00
BL618,Sat,8:00:00,0:00:00
BL618,Sun,8:00:00,0:00:00
BL941,Mon,11:00:00,23:00:00
BL941,Tue,11:00:00,23:00:00
BL941,Wed,11:00:00,23:00:00
BL941,Thu,9:00:00,23:00:00
BL941,Fri,9:00:00,23:00:00
BL941,Sat,8:00:00,0:00:00
BL941,Sun,8:00:00,0:00:00
BL119,Mon,11:00:00,23:00:00
BL119,Tue,11:00:00,23:00:00
BL119,Wed,11:00:00,23:00:00
BL119,Thu,9:00:00,23:00:00
BL119,Fri,9:00:00,23:00:00
BL119,Sat,8:00:00,0:00:00
BL119,Sun,8:00:00,0:00:00
BL259,Mon,11:00:00,23:00:00
BL259,Tue,11:00:00,23:00:00
BL259,Wed,11:00:00,23:00:00
BL259,Thu,9:00:00,23:00:00
BL259,Fri,9:00:00,23:00:00
BL259,Sat,8:00:00,0:00:00
BL259,Sun,8:00:00,0:00:00
BL042,Mon,11:00:00,23:00:00
BL042,Tue,11:00:00,23:00:00
BL042,Wed,11:00:00,23:00:00
BL042,Thu,9:00:00,23:00:00
BL042,Fri,9:00:00,23:00:00
BL042,Sat,8:00:00,0:00:00
BL042,Sun,8:00:00,0:00:00
BL576,Mon,11:00:00,23:00:00
BL576,Tue,11:00:00,23:00:00
BL576,Wed,11:00:00,23:00:00
BL576,Thu,9:00:00,23:00:00
BL576,Fri,9:00:00,23:00:00
BL576,Sat,8:00:00,0:00:00
BL576,Sun,8:00:00,0:00:00
BL506,Mon,11:00:00,23:00:00
BL506,Tue,11:00:00,23:00:00
BL506,Wed,11:00:00,23:00:00
BL506,Thu,9:00:00,23:00:00
BL506,Fri,9:00:00,23:00:00
BL506,Sat,8:00:00,0:00:00
BL506,Sun,8:00:00,0:00:00
BL233,Mon,11:00:00,23:00:00
BL233,Tue,11:00:00,23:00:00
BL233,Wed,11:00:00,23:00:00
BL233,Thu,9:00:00,23:00:00
BL233,Fri,9:00:00,23:00:00
BL233,Sat,8:00:00,0:00:00
BL233,Sun,8:00:00,0:00:00
BL865,Mon,11:00:00,23:00:00
BL865,Tue,11:00:00,23:00:00
BL865,Wed,11:00:00,23:00:00
BL865,Thu,9:00:00,23:00:00
BL865,Fri,9:00:00,23:00:00
BL865,Sat,8:00:00,0:00:00
BL865,Sun,8:00:00,0:00:00
BL994,Mon,11:00:00,23:00:00
BL994,Tue,11:00:00,23:00:00
BL994,Wed,11:00:00,23:00:00
BL994,Thu,9:00:00,23:00:00
BL994,Fri,9:00:00,23:00:00
BL994,Sat,8:00:00,0:00:00
BL994,Sun,8:00:00,0:00:00
BL636,Mon,11:00:00,23:00:00
BL636,Tue,11:00:00,23:00:00
BL636,Wed,11:00:00,23:00:00
BL636,Thu,9:00:00,23:00:00
BL636,Fri,9:00:00,23:00:00
BL636,Sat,8:00:00,0:00:00
BL636,Sun,8:00:00,0:00:00
BL689,Mon,11:00:00,23:00:00
BL689,Tue,11:00:00,23:00:00
BL689,Wed,11:00:00,23:00:00
BL689,Thu,9:00:00,23:00:00
BL689,Fri,9:00:00,23:00:00
BL689,Sat,8:00:00,0:00:00
BL689,Sun,8:00:00,0:00:00
BL950,Mon,11:00:00,23:00:00
BL950,Tue,11:00:00,23:00:00
BL950,Wed,11:00:00,23:00:00
BL950,Thu,9:00:00,23:00:00
BL950,Fri,9:00:00,23:00:00
BL950,Sat,8:00:00,0:00:00
BL950,Sun,8:00:00,0:00:00
BL218,Mon,11:00:00,23:00:00
BL218,Tue,11:00:00,23:00:00
BL218,Wed,11:00:00,23:00:00
BL218,Thu,9:00:00,23:00:00
BL218,Fri,9:00:00,23:00:00
BL218,Sat,8:00:00,0:00:00
BL218,Sun,8:00:00,0:00:00
BL713,Mon,11:00:00,23:00:00
BL713,Tue,11:00:00,23:00:00
BL713,Wed,11:00:00,23:00:00
BL713,Thu,9:00:00,23:00:00
BL713,Fri,9:00:00,23:00:00
BL713,Sat,8:00:00,0:00:00
BL713,Sun,8:00:00,0:00:00
BL831,Mon,11:00:00,23:00:00
BL831,Tue,11:00:00,23:00:00
BL831,Wed,11:00:00,23:00:00
BL831,Thu,9:00:00,23:00:00
BL831,Fri,9:00:00,23:00:00
BL831,Sat,8:00:00,0:00:00
BL831,Sun,8:00:00,0:00:00
BL872,Mon,11:00:00,23:00:00
BL872,Tue,11:00:00,23:00:00
BL872,Wed,11:00:00,23:00:00
BL872,Thu,9:00:00,23:00:00
BL872,Fri,9:00:00,23:00:00
BL872,Sat,8:00:00,0:00:00
BL872,Sun,8:00:00,0:00:00
BL456,Mon,11:00:00,23:00:00
BL456,Tue,11:00:00,23:00:00
BL456,Wed,11:00:00,23:00:00
BL456,Thu,9:00:00,23:00:00
BL456,Fri,9:00:00,23:00:00
BL456,Sat,8:00:00,0:00:00
BL456,Sun,8:00:00,0:00:00
BL980,Mon,11:00:00,23:00:00
BL980,Tue,11:00:00,23:00:00
BL980,Wed,11:00:00,23:00:00
BL980,Thu,9:00:00,23:00:00
BL980,Fri,9:00:00,23:00:00
BL980,Sat,8:00:00,0:00:00
BL980,Sun,8:00:00,0:00:00
BL634,Mon,11:00:00,23:00:00
BL634,Tue,11:00:00,23:00:00
BL634,Wed,11:00:00,23:00:00
BL634,Thu,9:00:00,23:00:00
BL634,Fri,9:00:00,23:00:00
BL634,Sat,8:00:00,0:00:00
BL634,Sun,8:00:00,0:00:00
BL296,Mon,11:00:00,23:00:00
BL296,Tue,11:00:00,23:00:00
BL296,Wed,11:00:00,23:00:00
BL296,Thu,9:00:00,23:00:00
BL296,Fri,9:00:00,23:00:00
BL296,Sat,8:00:00,0:00:00
BL296,Sun,8:00:00,0:00:00
BL306,Mon,11:00:00,23:00:00
BL306,Tue,11:00:00,23:00:00
BL306,Wed,11:00:00,23:00:00
BL306,Thu,9:00:00,23:00:00
BL306,Fri,9:00:00,23:00:00
BL306,Sat,8:00:00,0:00:00
BL306,Sun,8:00:00,0:00:00
BL084,Mon,11:00:00,23:00:00
BL084,Tue,11:00:00,23:00:00
BL084,Wed,11:00:00,23:00:00
BL084,Thu,9:00:00,23:00:00
BL084,Fri,9:00:00,23:00:00
BL084,Sat,8:00:00,0:00:00
BL084,Sun,8:00:00,0:00:00
BL668,Mon,11:00:00,23:00:00
BL668,Tue,11:00:00,23:00:00
BL668,Wed,11:00:00,23:00:00
BL668,Thu,9:00:00,23:00:00
BL668,Fri,9:00:00,23:00:00
BL668,Sat,8:00:00,0:00:00
BL668,Sun,8:00:00,0:00:00
BL963,Mon,11:00:00,23:00:00
BL963,Tue,11:00:00,23:00:00
BL963,Wed,11:00:00,23:00:00
BL963,Thu,9:00:00,23:00:00
BL963,Fri,9:00:00,23:00:00
BL963,Sat,8:00:00,0:00:00
BL963,Sun,8:00:00,0:00:00
BL972,Mon,11:00:00,23:00:00
BL972,Tue,11:00:00,23:00:00
BL972,Wed,11:00:00,23:00:00
BL972,Thu,9:00:00,23:00:00
BL972,Fri,9:00:00,23:00:00
BL972,Sat,8:00:00,0:00:00
BL972,Sun,8:00:00,0:00:00
BL426,Mon,11:00:00,23:00:00
BL426,Tue,11:00:00,23:00:00
BL426,Wed,11:00:00,23:00:00
BL426,Thu,9:00:00,23:00:00
BL426,Fri,9:00:00,23:00:00
BL426,Sat,8:00:00,0:00:00
BL426,Sun,8:00:00,0:00:00
BL538,Mon,11:00:00,23:00:00
BL538,Tue,11:00:00,23:00:00
BL538,Wed,11:00:00,23:00:00
BL538,Thu,9:00:00,23:00:00
BL538,Fri,9:00:00,23:00:00
BL538,Sat,8:00:00,0:00:00
BL538,Sun,8:00:00,0:00:00
BL928,Mon,11:00:00,23:00:00
BL928,Tue,11:00:00,23:00:00
BL928,Wed,11:00:00,23:00:00
BL928,Thu,9:00:00,23:00:00
BL928,Fri,9:00:00,23:00:00
BL928,Sat,8:00:00,0:00:00
BL928,Sun,8:00:00,0:00:00
BL772,Mon,11:00:00,23:00:00
BL772,Tue,11:00:00,23:00:00
BL772,Wed,11:00:00,23:00:00
BL772,Thu,9:00:00,23:00:00
BL772,Fri,9:00:00,23:00:00
BL772,Sat,8:00:00,0:00:00
BL772,Sun,8:00:00,0:00:00
BL541,Mon,11:00:00,23:00:00
BL541,Tue,11:00:00,23:00:00
BL541,Wed,11:00:00,23:00:00
BL541,Thu,9:00:00,23:00:00
BL541,Fri,9:00:00,23:00:00
BL541,Sat,8:00:00,0:00:00
BL541,Sun,8:00:00,0:00:00
BL166,Mon,11:00:00,23:00:00
BL166,Tue,11:00:00,23:00:00
BL166,Wed,11:00:00,23:00:00
BL166,Thu,9:00:00,23:00:00
BL166,Fri,9:00:00,23:00:00
BL166,Sat,8:00:00,0:00:00
BL166,Sun,8:00:00,0:00:00
BL893,Mon,11:00:00,23:00:00
BL893,Tue,11:00:00,23:00:00
BL893,Wed,11:00:00,23:00:00
BL893,Thu,9:00:00,23:00:00
BL893,Fri,9:00:00,23:00:00
BL893,Sat,8:00:00,0:00:00
BL893,Sun,8:00:00,0:00:00
BL725,Mon,11:00:00,23:00:00
BL725,Tue,11:00:00,23:00:00
BL725,Wed,11:00:00,23:00:00
BL725,Thu,9:00:00,23:00:00
BL725,Fri,9:00:00,23:00:00
BL725,Sat,8:00:00,0:00:00
BL725,Sun,8:00:00,0:00:00
BL706,Mon,11:00:00,23:00:00
BL706,Tue,11:00:00,23:00:00
BL706,Wed,11:00:00,23:00:00
BL706,Thu,9:00:00,23:00:00
BL706,Fri,9:00:00,23:00:00
BL706,Sat,8:00:00,0:00:00
BL706,Sun,8:00:00,0:00:00
BL311,Mon,11:00:00,23:00:00
BL311,Tue,11:00:00,23:00:00
BL311,Wed,11:00:00,23:00:00
BL311,Thu,9:00:00,23:00:00
BL311,Fri,9:00:00,23:00:00
BL311,Sat,8:00:00,0:00:00
BL311,Sun,8:00:00,0:00:00
BL655,Mon,11:00:00,23:00:00
BL655,Tue,11:00:00,23:00:00
BL655,Wed,11:00:00,23:00:00
BL655,Thu,9:00:00,23:00:00
BL655,Fri,9:00:00,23:00:00
BL655,Sat,8:00:00,0:00:00
BL655,Sun,8:00:00,0:00:00
BL093,Mon,11:00:00,23:00:00
BL093,Tue,11:00:00,23:00:00
BL093,Wed,11:00:00,23:00:00
BL093,Thu,9:00:00,23:00:00
BL093,Fri,9:00:00,23:00:00
BL093,Sat,8:00:00,0:00:00
BL093,Sun,8:00:00,0:00:00
BL646,Mon,11:00:00,23:00:00
BL646,Tue,11:00:00,23:00:00
BL646,Wed,11:00:00,23:00:00
BL646,Thu,9:00:00,23:00:00
BL646,Fri,9:00:00,23:00:00
BL646,Sat,8:00:00,0:00:00
BL646,Sun,8:00:00,0:00:00
BL544,Mon,11:00:00,23:00:00
BL544,Tue,11:00:00,23:00:00
BL544,Wed,11:00:00,23:00:00
BL544,Thu,9:00:00,23:00:00
BL544,Fri,9:00:00,23:00:00
BL544,Sat,8:00:00,0:00:00
BL544,Sun,8:00:00,0:00:00
BL300,Mon,11:00:00,23:00:00
BL300,Tue,11:00:00,23:00:00
BL300,Wed,11:00:00,23:00:00
BL300,Thu,9:00:00,23:00:00
BL300,Fri,9:00:00,23:00:00
BL300,Sat,8:00:00,0:00:00
BL300,Sun,8:00:00,0:00:00
BL239,Mon,11:00:00,23:00:00
BL239,Tue,11:00:00,23:00:00
BL239,Wed,11:00:00,23:00:00
BL239,Thu,9:00:00,23:00:00
BL239,Fri,9:00:00,23:00:00
BL239,Sat,8:00:00,0:00:00
BL239,Sun,8:00:00,0:00:00
BL914,Mon,11:00:00,23:00:00
BL914,Tue,11:00:00,23:00:00
BL914,Wed,11:00:00,23:00:00
BL914,Thu,9:00:00,23:00:00
BL914,Fri,9:00:00,23:00:00
BL914,Sat,8:00:00,0:00:00
BL914,Sun,8:00:00,0:00:00
BL683,Mon,11:00:00,23:00:00
BL683,Tue,11:00:00,23:00:00
BL683,Wed,11:00:00,23:00:00
BL683,Thu,9:00:00,23:00:00
BL683,Fri,9:00:00,23:00:00
BL683,Sat,8:00:00,0:00:00
BL683,Sun,8:00:00,0:00:00
BL174,Mon,11:00:00,23:00:00
BL174,Tue,11:00:00,23:00:00
BL174,Wed,11:00:00,23:00:00
BL174,Thu,9:00:00,23:00:00
BL174,Fri,9:00:00,23:00:00
BL174,Sat,8:00:00,0:00:00
BL174,Sun,8:00:00,0:00:00
BL302,Mon,11:00:00,23:00:00
BL302,Tue,11:00:00,23:00:00
BL302,Wed,11:00:00,23:00:00
BL302,Thu,9:00:00,23:00:00
BL302,Fri,9:00:00,23:00:00
BL302,Sat,8:00:00,0:00:00
BL302,Sun,8:00:00,0:00:00
BL499,Mon,11:00:00,23:00:00
BL499,Tue,11:00:00,23:00:00
BL499,Wed,11:00:00,23:00:00
BL499,Thu,9:00:00,23:00:00
BL499,Fri,9:00:00,23:00:00
BL499,Sat,8:00:00,0:00:00
BL499,Sun,8:00:00,0:00:00
BL049,Mon,11:00:00,23:00:00
BL049,Tue,11:00:00,23:00:00
BL049,Wed,11:00:00,23:00:00
BL049,Thu,9:00:00,23:00:00
BL049,Fri,9:00:00,23:00:00
BL049,Sat,8:00:00,0:00:00
BL049,Sun,8:00:00,0:00:00
BL655,Mon,11:00:00,23:00:00
BL655,Tue,11:00:00,23:00:00
BL655,Wed,11:00:00,23:00:00
BL655,Thu,9:00:00,23:00:00
BL655,Fri,9:00:00,23:00:00
BL655,Sat,8:00:00,0:00:00
BL655,Sun,8:00:00,0:00:00
BL954,Mon,11:00:00,23:00:00
BL954,Tue,11:00:00,23:00:00
BL954,Wed,11:00:00,23:00:00
BL954,Thu,9:00:00,23:00:00
BL954,Fri,9:00:00,23:00:00
BL954,Sat,8:00:00,0:00:00
BL954,Sun,8:00:00,0:00:00
BL941,Mon,11:00:00,23:00:00
BL941,Tue,11:00:00,23:00:00
BL941,Wed,11:00:00,23:00:00
BL941,Thu,9:00:00,23:00:00
BL941,Fri,9:00:00,23:00:00
BL941,Sat,8:00:00,0:00:00
BL941,Sun,8:00:00,0:00:00
BL444,Mon,11:00:00,23:00:00
BL444,Tue,11:00:00,23:00:00
BL444,Wed,11:00:00,23:00:00
BL444,Thu,9:00:00,23:00:00
BL444,Fri,9:00:00,23:00:00
BL444,Sat,8:00:00,0:00:00
BL444,Sun,8:00:00,0:00:00
BL880,Mon,11:00:00,23:00:00
BL880,Tue,11:00:00,23:00:00
BL880,Wed,11:00:00,23:00:00
BL880,Thu,9:00:00,23:00:00
BL880,Fri,9:00:00,23:00:00
BL880,Sat,8:00:00,0:00:00
BL880,Sun,8:00:00,0:00:00
BL176,Mon,11:00:00,23:00:00
BL176,Tue,11:00:00,23:00:00
BL176,Wed,11:00:00,23:00:00
BL176,Thu,9:00:00,23:00:00
BL176,Fri,9:00:00,23:00:00
BL176,Sat,8:00:00,0:00:00
BL176,Sun,8:00:00,0:00:00
BL486,Mon,11:00:00,23:00:00
BL486,Tue,11:00:00,23:00:00
BL486,Wed,11:00:00,23:00:00
BL486,Thu,9:00:00,23:00:00
BL486,Fri,9:00:00,23:00:00
BL486,Sat,8:00:00,0:00:00
BL486,Sun,8:00:00,0:00:00
BL043,Mon,11:00:00,23:00:00
BL043,Tue,11:00:00,23:00:00
BL043,Wed,11:00:00,23:00:00
BL043,Thu,9:00:00,23:00:00
BL043,Fri,9:00:00,23:00:00
BL043,Sat,8:00:00,0:00:00
BL043,Sun,8:00:00,0:00:00
BL622,Mon,11:00:00,23:00:00
BL622,Tue,11:00:00,23:00:00
BL622,Wed,11:00:00,23:00:00
BL622,Thu,9:00:00,23:00:00
BL622,Fri,9:00:00,23:00:00
BL622,Sat,8:00:00,0:00:00
BL622,Sun,8:00:00,0:00:00
BL661,Mon,11:00:00,23:00:00
BL661,Tue,11:00:00,23:00:00
BL661,Wed,11:00:00,23:00:00
BL661,Thu,9:00:00,23:00:00
BL661,Fri,9:00:00,23:00:00
BL661,Sat,8:00:00,0:00:00
BL661,Sun,8:00:00,0:00:00
BL248,Mon,11:00:00,23:00:00
BL248,Tue,11:00:00,23:00:00
BL248,Wed,11:00:00,23:00:00
BL248,Thu,9:00:00,23:00:00
BL248,Fri,9:00:00,23:00:00
BL248,Sat,8:00:00,0:00:00
BL248,Sun,8:00:00,0:00:00
BL834,Mon,11:00:00,23:00:00
BL834,Tue,11:00:00,23:00:00
BL834,Wed,11:00:00,23:00:00
BL834,Thu,9:00:00,23:00:00
BL834,Fri,9:00:00,23:00:00
BL834,Sat,8:00:00,0:00:00
BL834,Sun,8:00:00,0:00:00
BL577,Mon,11:00:00,23:00:00
BL577,Tue,11:00:00,23:00:00
BL577,Wed,11:00:00,23:00:00
BL577,Thu,9:00:00,23:00:00
BL577,Fri,9:00:00,23:00:00
BL577,Sat,8:00:00,0:00:00
BL577,Sun,8:00:00,0:00:00
BL233,Mon,11:00:00,23:00:00
BL233,Tue,11:00:00,23:00:00
BL233,Wed,11:00:00,23:00:00
BL233,Thu,9:00:00,23:00:00
BL233,Fri,9:00:00,23:00:00
BL233,Sat,8:00:00,0:00:00
BL233,Sun,8:00:00,0:00:00
BL475,Mon,11:00:00,23:00:00
BL475,Tue,11:00:00,23:00:00
BL475,Wed,11:00:00,23:00:00
BL475,Thu,9:00:00,23:00:00
BL475,Fri,9:00:00,23:00:00
BL475,Sat,8:00:00,0:00:00
BL475,Sun,8:00:00,0:00:00
BL895,Mon,11:00:00,23:00:00
BL895,Tue,11:00:00,23:00:00
BL895,Wed,11:00:00,23:00:00
BL895,Thu,9:00:00,23:00:00
BL895,Fri,9:00:00,23:00:00
BL895,Sat,8:00:00,0:00:00
BL895,Sun,8:00:00,0:00:00
BL142,Mon,11:00:00,23:00:00
BL142,Tue,11:00:00,23:00:00
BL142,Wed,11:00:00,23:00:00
BL142,Thu,9:00:00,23:00:00
BL142,Fri,9:00:00,23:00:00
BL142,Sat,8:00:00,0:00:00
BL142,Sun,8:00:00,0:00:00
BL850,Mon,11:00:00,23:00:00
BL850,Tue,11:00:00,23:00:00
BL850,Wed,11:00:00,23:00:00
BL850,Thu,9:00:00,23:00:00
BL850,Fri,9:00:00,23:00:00
BL850,Sat,8:00:00,0:00:00
BL850,Sun,8:00:00,0:00:00
BL656,Mon,11:00:00,23:00:00
BL656,Tue,11:00:00,23:00:00
BL656,Wed,11:00:00,23:00:00
BL656,Thu,9:00:00,23:00:00
BL656,Fri,9:00:00,23:00:00
BL656,Sat,8:00:00,0:00:00
BL656,Sun,8:00:00,0:00:00
BL226,Mon,11:00:00,23:00:00
BL226,Tue,11:00:00,23:00:00
BL226,Wed,11:00:00,23:00:00
BL226,Thu,9:00:00,23:00:00
BL226,Fri,9:00:00,23:00:00
BL226,Sat,8:00:00,0:00:00
BL226,Sun,8:00:00,0:00:00
BL696,Mon,11:00:00,23:00:00
BL696,Tue,11:00:00,23:00:00
BL696,Wed,11:00:00,23:00:00
BL696,Thu,9:00:00,23:00:00
BL696,Fri,9:00:00,23:00:00
BL696,Sat,8:00:00,0:00:00
BL696,Sun,8:00:00,0:00:00
BL579,Mon,11:00:00,23:00:00
BL579,Tue,11:00:00,23:00:00
BL579,Wed,11:00:00,23:00:00
BL579,Thu,9:00:00,23:00:00
BL579,Fri,9:00:00,23:00:00
BL579,Sat,8:00:00,0:00:00
BL579,Sun,8:00:00,0:00:00
BL102,Mon,11:00:00,23:00:00
BL102,Tue,11:00:00,23:00:00
BL102,Wed,11:00:00,23:00:00
BL102,Thu,9:00:00,23:00:00
BL102,Fri,9:00:00,23:00:00
BL102,Sat,8:00:00,0:00:00
BL102,Sun,8:00:00,0:00:00
BL137,Mon,11:00:00,23:00:00
BL137,Tue,11:00:00,23:00:00
BL137,Wed,11:00:00,23:00:00
BL137,Thu,9:00:00,23:00:00
BL137,Fri,9:00:00,23:00:00
BL137,Sat,8:00:00,0:00:00
BL137,Sun,8:00:00,0:00:00
BL652,Mon,11:00:00,23:00:00
BL652,Tue,11:00:00,23:00:00
BL652,Wed,11:00:00,23:00:00
BL652,Thu,9:00:00,23:00:00
BL652,Fri,9:00:00,23:00:00
BL652,Sat,8:00:00,0:00:00
BL652,Sun,8:00:00,0:00:00
BL770,Mon,11:00:00,23:00:00
BL770,Tue,11:00:00,23:00:00
BL770,Wed,11:00:00,23:00:00
BL770,Thu,9:00:00,23:00:00
BL770,Fri,9:00:00,23:00:00
BL770,Sat,8:00:00,0:00:00
BL770,Sun,8:00:00,0:00:00
BL924,Mon,11:00:00,23:00:00
BL924,Tue,11:00:00,23:00:00
BL924,Wed,11:00:00,23:00:00
BL924,Thu,9:00:00,23:00:00
BL924,Fri,9:00:00,23:00:00
BL924,Sat,8:00:00,0:00:00
BL924,Sun,8:00:00,0:00:00
BL189,Mon,11:00:00,23:00:00
BL189,Tue,11:00:00,23:00:00
BL189,Wed,11:00:00,23:00:00
BL189,Thu,9:00:00,23:00:00
BL189,Fri,9:00:00,23:00:00
BL189,Sat,8:00:00,0:00:00
BL189,Sun,8:00:00,0:00:00
BL108,Mon,11:00:00,23:00:00
BL108,Tue,11:00:00,23:00:00
BL108,Wed,11:00:00,23:00:00
BL108,Thu,9:00:00,23:00:00
BL108,Fri,9:00:00,23:00:00
BL108,Sat,8:00:00,0:00:00
BL108,Sun,8:00:00,0:00:00
BL471,Mon,11:00:00,23:00:00
BL471,Tue,11:00:00,23:00:00
BL471,Wed,11:00:00,23:00:00
BL471,Thu,9:00:00,23:00:00
BL471,Fri,9:00:00,23:00:00
BL471,Sat,8:00:00,0:00:00
BL471,Sun,8:00:00,0:00:00
BL485,Mon,11:00:00,23:00:00
BL485,Tue,11:00:00,23:00:00
BL485,Wed,11:00:00,23:00:00
BL485,Thu,9:00:00,23:00:00
BL485,Fri,9:00:00,23:00:00
BL485,Sat,8:00:00,0:00:00
BL485,Sun,8:00:00,0:00:00
BL151,Mon,11:00:00,23:00:00
BL151,Tue,11:00:00,23:00:00
BL151,Wed,11:00:00,23:00:00
BL151,Thu,9:00:00,23:00:00
BL151,Fri,9:00:00,23:00:00
BL151,Sat,8:00:00,0:00:00
BL151,Sun,8:00:00,0:00:00
BL665,Mon,11:00:00,23:00:00
BL665,Tue,11:00:00,23:00:00
BL665,Wed,11:00:00,23:00:00
BL665,Thu,9:00:00,23:00:00
BL665,Fri,9:00:00,23:00:00
BL665,Sat,8:00:00,0:00:00
BL665,Sun,8:00:00,0:00:00
BL946,Mon,11:00:00,23:00:00
BL946,Tue,11:00:00,23:00:00
BL946,Wed,11:00:00,23:00:00
BL946,Thu,9:00:00,23:00:00
BL946,Fri,9:00:00,23:00:00
BL946,Sat,8:00:00,0:00:00
BL946,Sun,8:00:00,0:00:00
BL714,Mon,11:00:00,23:00:00
BL714,Tue,11:00:00,23:00:00
BL714,Wed,11:00:00,23:00:00
BL714,Thu,9:00:00,23:00:00
BL714,Fri,9:00:00,23:00:00
BL714,Sat,8:00:00,0:00:00
BL714,Sun,8:00:00,0:00:00
BL340,Mon,11:00:00,23:00:00
BL340,Tue,11:00:00,23:00:00
BL340,Wed,11:00:00,23:00:00
BL340,Thu,9:00:00,23:00:00
BL340,Fri,9:00:00,23:00:00
BL340,Sat,8:00:00,0:00:00
BL340,Sun,8:00:00,0:00:00
BL158,Mon,11:00:00,23:00:00
BL158,Tue,11:00:00,23:00:00
BL158,Wed,11:00:00,23:00:00
BL158,Thu,9:00:00,23:00:00
BL158,Fri,9:00:00,23:00:00
BL158,Sat,8:00:00,0:00:00
BL158,Sun,8:00:00,0:00:00
BL489,Mon,11:00:00,23:00:00
BL489,Tue,11:00:00,23:00:00
BL489,Wed,11:00:00,23:00:00
BL489,Thu,9:00:00,23:00:00
BL489,Fri,9:00:00,23:00:00
BL489,Sat,8:00:00,0:00:00
BL489,Sun,8:00:00,0:00:00
BL976,Mon,11:00:00,23:00:00
BL976,Tue,11:00:00,23:00:00
BL976,Wed,11:00:00,23:00:00
BL976,Thu,9:00:00,23:00:00
BL976,Fri,9:00:00,23:00:00
BL976,Sat,8:00:00,0:00:00
BL976,Sun,8:00:00,0:00:00
BL127,Mon,11:00:00,23:00:00
BL127,Tue,11:00:00,23:00:00
BL127,Wed,11:00:00,23:00:00
BL127,Thu,9:00:00,23:00:00
BL127,Fri,9:00:00,23:00:00
BL127,Sat,8:00:00,0:00:00
BL127,Sun,8:00:00,0:00:00
BL520,Mon,11:00:00,23:00:00
BL520,Tue,11:00:00,23:00:00
BL520,Wed,11:00:00,23:00:00
BL520,Thu,9:00:00,23:00:00
BL520,Fri,9:00:00,23:00:00
BL520,Sat,8:00:00,0:00:00
BL520,Sun,8:00:00,0:00:00
BL534,Mon,11:00:00,23:00:00
BL534,Tue,11:00:00,23:00:00
BL534,Wed,11:00:00,23:00:00
BL534,Thu,9:00:00,23:00:00
BL534,Fri,9:00:00,23:00:00
BL534,Sat,8:00:00,0:00:00
BL534,Sun,8:00:00,0:00:00
BL227,Mon,11:00:00,23:00:00
BL227,Tue,11:00:00,23:00:00
BL227,Wed,11:00:00,23:00:00
BL227,Thu,9:00:00,23:00:00
BL227,Fri,9:00:00,23:00:00
BL227,Sat,8:00:00,0:00:00
BL227,Sun,8:00:00,0:00:00
BL092,Mon,11:00:00,23:00:00
BL092,Tue,11:00:00,23:00:00
BL092,Wed,11:00:00,23:00:00
BL092,Thu,9:00:00,23:00:00
BL092,Fri,9:00:00,23:00:00
BL092,Sat,8:00:00,0:00:00
BL092,Sun,8:00:00,0:00:00
BL145,Mon,11:00:00,23:00:00
BL145,Tue,11:00:00,23:00:00
BL145,Wed,11:00:00,23:00:00
BL145,Thu,9:00:00,23:00:00
BL145,Fri,9:00:00,23:00:00
BL145,Sat,8:00:00,0:00:00
BL145,Sun,8:00:00,0:00:00
BL183,Mon,11:00:00,23:00:00
BL183,Tue,11:00:00,23:00:00
BL183,Wed,11:00:00,23:00:00
BL183,Thu,9:00:00,23:00:00
BL183,Fri,9:00:00,23:00:00
BL183,Sat,8:00:00,0:00:00
BL183,Sun,8:00:00,0:00:00
BL296,Mon,11:00:00,23:00:00
BL296,Tue,11:00:00,23:00:00
BL296,Wed,11:00:00,23:00:00
BL296,Thu,9:00:00,23:00:00
BL296,Fri,9:00:00,23:00:00
BL296,Sat,8:00:00,0:00:00
BL296,Sun,8:00:00,0:00:00
BL982,Mon,11:00:00,23:00:00
BL982,Tue,11:00:00,23:00:00
BL982,Wed,11:00:00,23:00:00
BL982,Thu,9:00:00,23:00:00
BL982,Fri,9:00:00,23:00:00
BL982,Sat,8:00:00,0:00:00
BL982,Sun,8:00:00,0:00:00
BL461,Mon,11:00:00,23:00:00
BL461,Tue,11:00:00,23:00:00
BL461,Wed,11:00:00,23:00:00
BL461,Thu,9:00:00,23:00:00
BL461,Fri,9:00:00,23:00:00
BL461,Sat,8:00:00,0:00:00
BL461,Sun,8:00:00,0:00:00
BL949,Mon,11:00:00,23:00:00
BL949,Tue,11:00:00,23:00:00
BL949,Wed,11:00:00,23:00:00
BL949,Thu,9:00:00,23:00:00
BL949,Fri,9:00:00,23:00:00
BL949,Sat,8:00:00,0:00:00
BL949,Sun,8:00:00,0:00:00
BL064,Mon,11:00:00,23:00:00
BL064,Tue,11:00:00,23:00:00
BL064,Wed,11:00:00,23:00:00
BL064,Thu,9:00:00,23:00:00
BL064,Fri,9:00:00,23:00:00
BL064,Sat,8:00:00,0:00:00
BL064,Sun,8:00:00,0:00:00
BL058,Mon,11:00:00,23:00:00
BL058,Tue,11:00:00,23:00:00
BL058,Wed,11:00:00,23:00:00
BL058,Thu,9:00:00,23:00:00
BL058,Fri,9:00:00,23:00:00
BL058,Sat,8:00:00,0:00:00
BL058,Sun,8:00:00,0:00:00
BL005,Mon,11:00:00,23:00:00
BL005,Tue,11:00:00,23:00:00
BL005,Wed,11:00:00,23:00:00
BL005,Thu,9:00:00,23:00:00
BL005,Fri,9:00:00,23:00:00
BL005,Sat,8:00:00,0:00:00
BL005,Sun,8:00:00,0:00:00
BL999,Mon,11:00:00,23:00:00
BL999,Tue,11:00:00,23:00:00
BL999,Wed,11:00:00,23:00:00
BL999,Thu,9:00:00,23:00:00
BL999,Fri,9:00:00,23:00:00
BL999,Sat,8:00:00,0:00:00
BL999,Sun,8:00:00,0:00:00
BL280,Mon,11:00:00,23:00:00
BL280,Tue,11:00:00,23:00:00
BL280,Wed,11:00:00,23:00:00
BL280,Thu,9:00:00,23:00:00
BL280,Fri,9:00:00,23:00:00
BL280,Sat,8:00:00,0:00:00
BL280,Sun,8:00:00,0:00:00
BL508,Mon,11:00:00,23:00:00
BL508,Tue,11:00:00,23:00:00
BL508,Wed,11:00:00,23:00:00
BL508,Thu,9:00:00,23:00:00
BL508,Fri,9:00:00,23:00:00
BL508,Sat,8:00:00,0:00:00
BL508,Sun,8:00:00,0:00:00
BL904,Mon,11:00:00,23:00:00
BL904,Tue,11:00:00,23:00:00
BL904,Wed,11:00:00,23:00:00
BL904,Thu,9:00:00,23:00:00
BL904,Fri,9:00:00,23:00:00
BL904,Sat,8:00:00,0:00:00
BL904,Sun,8:00:00,0:00:00
BL611,Mon,11:00:00,23:00:00
BL611,Tue,11:00:00,23:00:00
BL611,Wed,11:00:00,23:00:00
BL611,Thu,9:00:00,23:00:00
BL611,Fri,9:00:00,23:00:00
BL611,Sat,8:00:00,0:00:00
BL611,Sun,8:00:00,0:00:00
BL992,Mon,11:00:00,23:00:00
BL992,Tue,11:00:00,23:00:00
BL992,Wed,11:00:00,23:00:00
BL992,Thu,9:00:00,23:00:00
BL992,Fri,9:00:00,23:00:00
BL992,Sat,8:00:00,0:00:00
BL992,Sun,8:00:00,0:00:00
BL564,Mon,11:00:00,23:00:00
BL564,Tue,11:00:00,23:00:00
BL564,Wed,11:00:00,23:00:00
BL564,Thu,9:00:00,23:00:00
BL564,Fri,9:00:00,23:00:00
BL564,Sat,8:00:00,0:00:00
BL564,Sun,8:00:00,0:00:00
BL591,Mon,11:00:00,23:00:00
BL591,Tue,11:00:00,23:00:00
BL591,Wed,11:00:00,23:00:00
BL591,Thu,9:00:00,23:00:00
BL591,Fri,9:00:00,23:00:00
BL591,Sat,8:00:00,0:00:00
BL591,Sun,8:00:00,0:00:00
BL593,Mon,11:00:00,23:00:00
BL593,Tue,11:00:00,23:00:00
BL593,Wed,11:00:00,23:00:00
BL593,Thu,9:00:00,23:00:00
BL593,Fri,9:00:00,23:00:00
BL593,Sat,8:00:00,0:00:00
BL593,Sun,8:00:00,0:00:00
BL014,Mon,11:00:00,23:00:00
BL014,Tue,11:00:00,23:00:00
BL014,Wed,11:00:00,23:00:00
BL014,Thu,9:00:00,23:00:00
BL014,Fri,9:00:00,23:00:00
BL014,Sat,8:00:00,0:00:00
BL014,Sun,8:00:00,0:00:00
BL328,Mon,11:00:00,23:00:00
BL328,Tue,11:00:00,23:00:00
BL328,Wed,11:00:00,23:00:00
BL328,Thu,9:00:00,23:00:00
BL328,Fri,9:00:00,23:00:00
BL328,Sat,8:00:00,0:00:00
BL328,Sun,8:00:00,0:00:00
BL657,Mon,11:00:00,23:00:00
BL657,Tue,11:00:00,23:00:00
BL657,Wed,11:00:00,23:00:00
BL657,Thu,9:00:00,23:00:00
BL657,Fri,9:00:00,23:00:00
BL657,Sat,8:00:00,0:00:00
BL657,Sun,8:00:00,0:00:00
BL715,Mon,11:00:00,23:00:00
BL715,Tue,11:00:00,23:00:00
BL715,Wed,11:00:00,23:00:00
BL715,Thu,9:00:00,23:00:00
BL715,Fri,9:00:00,23:00:00
BL715,Sat,8:00:00,0:00:00
BL715,Sun,8:00:00,0:00:00
BL713,Mon,11:00:00,23:00:00
BL713,Tue,11:00:00,23:00:00
BL713,Wed,11:00:00,23:00:00
BL713,Thu,9:00:00,23:00:00
BL713,Fri,9:00:00,23:00:00
BL713,Sat,8:00:00,0:00:00
BL713,Sun,8:00:00,0:00:00
BL877,Mon,11:00:00,23:00:00
BL877,Tue,11:00:00,23:00:00
BL877,Wed,11:00:00,23:00:00
BL877,Thu,9:00:00,23:00:00
BL877,Fri,9:00:00,23:00:00
BL877,Sat,8:00:00,0:00:00
BL877,Sun,8:00:00,0:00:00
BL736,Mon,11:00:00,23:00:00
BL736,Tue,11:00:00,23:00:00
BL736,Wed,11:00:00,23:00:00
BL736,Thu,9:00:00,23:00:00
BL736,Fri,9:00:00,23:00:00
BL736,Sat,8:00:00,0:00:00
BL736,Sun,8:00:00,0:00:00
BL923,Mon,11:00:00,23:00:00
BL923,Tue,11:00:00,23:00:00
BL923,Wed,11:00:00,23:00:00
BL923,Thu,9:00:00,23:00:00
BL923,Fri,9:00:00,23:00:00
BL923,Sat,8:00:00,0:00:00
BL923,Sun,8:00:00,0:00:00
BL193,Mon,11:00:00,23:00:00
BL193,Tue,11:00:00,23:00:00
BL193,Wed,11:00:00,23:00:00
BL193,Thu,9:00:00,23:00:00
BL193,Fri,9:00:00,23:00:00
BL193,Sat,8:00:00,0:00:00
BL193,Sun,8:00:00,0:00:00
BL623,Mon,11:00:00,23:00:00
BL623,Tue,11:00:00,23:00:00
BL623,Wed,11:00:00,23:00:00
BL623,Thu,9:00:00,23:00:00
BL623,Fri,9:00:00,23:00:00
BL623,Sat,8:00:00,0:00:00
BL623,Sun,8:00:00,0:00:00
BL322,Mon,11:00:00,23:00:00
BL322,Tue,11:00:00,23:00:00
BL322,Wed,11:00:00,23:00:00
BL322,Thu,9:00:00,23:00:00
BL322,Fri,9:00:00,23:00:00
BL322,Sat,8:00:00,0:00:00
BL322,Sun,8:00:00,0:00:00
BL640,Mon,11:00:00,23:00:00
BL640,Tue,11:00:00,23:00:00
BL640,Wed,11:00:00,23:00:00
BL640,Thu,9:00:00,23:00:00
BL640,Fri,9:00:00,23:00:00
BL640,Sat,8:00:00,0:00:00
BL640,Sun,8:00:00,0:00:00
BL907,Mon,11:00:00,23:00:00
BL907,Tue,11:00:00,23:00:00
BL907,Wed,11:00:00,23:00:00
BL907,Thu,9:00:00,23:00:00
BL907,Fri,9:00:00,23:00:00
BL907,Sat,8:00:00,0:00:00
BL907,Sun,8:00:00,0:00:00
BL051,Mon,11:00:00,23:00:00
BL051,Tue,11:00:00,23:00:00
BL051,Wed,11:00:00,23:00:00
BL051,Thu,9:00:00,23:00:00
BL051,Fri,9:00:00,23:00:00
BL051,Sat,8:00:00,0:00:00
BL051,Sun,8:00:00,0:00:00
BL506,Mon,11:00:00,23:00:00
BL506,Tue,11:00:00,23:00:00
BL506,Wed,11:00:00,23:00:00
BL506,Thu,9:00:00,23:00:00
BL506,Fri,9:00:00,23:00:00
BL506,Sat,8:00:00,0:00:00
BL506,Sun,8:00:00,0:00:00
BL526,Mon,11:00:00,23:00:00
BL526,Tue,11:00:00,23:00:00
BL526,Wed,11:00:00,23:00:00
BL526,Thu,9:00:00,23:00:00
BL526,Fri,9:00:00,23:00:00
BL526,Sat,8:00:00,0:00:00
BL526,Sun,8:00:00,0:00:00
BL767,Mon,11:00:00,23:00:00
BL767,Tue,11:00:00,23:00:00
BL767,Wed,11:00:00,23:00:00
BL767,Thu,9:00:00,23:00:00
BL767,Fri,9:00:00,23:00:00
BL767,Sat,8:00:00,0:00:00
BL767,Sun,8:00:00,0:00:00
BL481,Mon,11:00:00,23:00:00
BL481,Tue,11:00:00,23:00:00
BL481,Wed,11:00:00,23:00:00
BL481,Thu,9:00:00,23:00:00
BL481,Fri,9:00:00,23:00:00
BL481,Sat,8:00:00,0:00:00
BL481,Sun,8:00:00,0:00:00
BL783,Mon,11:00:00,23:00:00
BL783,Tue,11:00:00,23:00:00
BL783,Wed,11:00:00,23:00:00
BL783,Thu,9:00:00,23:00:00
BL783,Fri,9:00:00,23:00:00
BL783,Sat,8:00:00,0:00:00
BL783,Sun,8:00:00,0:00:00
BL421,Mon,11:00:00,23:00:00
BL421,Tue,11:00:00,23:00:00
BL421,Wed,11:00:00,23:00:00
BL421,Thu,9:00:00,23:00:00
BL421,Fri,9:00:00,23:00:00
BL421,Sat,8:00:00,0:00:00
BL421,Sun,8:00:00,0:00:00
BL472,Mon,11:00:00,23:00:00
BL472,Tue,11:00:00,23:00:00
BL472,Wed,11:00:00,23:00:00
BL472,Thu,9:00:00,23:00:00
BL472,Fri,9:00:00,23:00:00
BL472,Sat,8:00:00,0:00:00
BL472,Sun,8:00:00,0:00:00
BL714,Mon,11:00:00,23:00:00
BL714,Tue,11:00:00,23:00:00
BL714,Wed,11:00:00,23:00:00
BL714,Thu,9:00:00,23:00:00
BL714,Fri,9:00:00,23:00:00
BL714,Sat,8:00:00,0:00:00
BL714,Sun,8:00:00,0:00:00
BL951,Mon,11:00:00,23:00:00
BL951,Tue,11:00:00,23:00:00
BL951,Wed,11:00:00,23:00:00
BL951,Thu,9:00:00,23:00:00
BL951,Fri,9:00:00,23:00:00
BL951,Sat,8:00:00,0:00:00
BL951,Sun,8:00:00,0:00:00
BL278,Mon,11:00:00,23:00:00
BL278,Tue,11:00:00,23:00:00
BL278,Wed,11:00:00,23:00:00
BL278,Thu,9:00:00,23:00:00
BL278,Fri,9:00:00,23:00:00
BL278,Sat,8:00:00,0:00:00
BL278,Sun,8:00:00,0:00:00
BL242,Mon,11:00:00,23:00:00
BL242,Tue,11:00:00,23:00:00
BL242,Wed,11:00:00,23:00:00
BL242,Thu,9:00:00,23:00:00
BL242,Fri,9:00:00,23:00:00
BL242,Sat,8:00:00,0:00:00
BL242,Sun,8:00:00,0:00:00
BL005,Mon,11:00:00,23:00:00
BL005,Tue,11:00:00,23:00:00
BL005,Wed,11:00:00,23:00:00
BL005,Thu,9:00:00,23:00:00
BL005,Fri,9:00:00,23:00:00
BL005,Sat,8:00:00,0:00:00
BL005,Sun,8:00:00,0:00:00
BL113,Mon,11:00:00,23:00:00
BL113,Tue,11:00:00,23:00:00
BL113,Wed,11:00:00,23:00:00
BL113,Thu,9:00:00,23:00:00
BL113,Fri,9:00:00,23:00:00
BL113,Sat,8:00:00,0:00:00
BL113,Sun,8:00:00,0:00:00
BL109,Mon,11:00:00,23:00:00
BL109,Tue,11:00:00,23:00:00
BL109,Wed,11:00:00,23:00:00
BL109,Thu,9:00:00,23:00:00
BL109,Fri,9:00:00,23:00:00
BL109,Sat,8:00:00,0:00:00
BL109,Sun,8:00:00,0:00:00
BL661,Mon,11:00:00,23:00:00
BL661,Tue,11:00:00,23:00:00
BL661,Wed,11:00:00,23:00:00
BL661,Thu,9:00:00,23:00:00
BL661,Fri,9:00:00,23:00:00
BL661,Sat,8:00:00,0:00:00
BL661,Sun,8:00:00,0:00:00
BL468,Mon,11:00:00,23:00:00
BL468,Tue,11:00:00,23:00:00
BL468,Wed,11:00:00,23:00:00
BL468,Thu,9:00:00,23:00:00
BL468,Fri,9:00:00,23:00:00
BL468,Sat,8:00:00,0:00:00
BL468,Sun,8:00:00,0:00:00
BL334,Mon,11:00:00,23:00:00
BL334,Tue,11:00:00,23:00:00
BL334,Wed,11:00:00,23:00:00
BL334,Thu,9:00:00,23:00:00
BL334,Fri,9:00:00,23:00:00
BL334,Sat,8:00:00,0:00:00
BL334,Sun,8:00:00,0:00:00
BL813,Mon,11:00:00,23:00:00
BL813,Tue,11:00:00,23:00:00
BL813,Wed,11:00:00,23:00:00
BL813,Thu,9:00:00,23:00:00
BL813,Fri,9:00:00,23:00:00
BL813,Sat,8:00:00,0:00:00
BL813,Sun,8:00:00,0:00:00
BL484,Mon,11:00:00,23:00:00
BL484,Tue,11:00:00,23:00:00
BL484,Wed,11:00:00,23:00:00
BL484,Thu,9:00:00,23:00:00
BL484,Fri,9:00:00,23:00:00
BL484,Sat,8:00:00,0:00:00
BL484,Sun,8:00:00,0:00:00
BL736,Mon,11:00:00,23:00:00
BL736,Tue,11:00:00,23:00:00
BL736,Wed,11:00:00,23:00:00
BL736,Thu,9:00:00,23:00:00
BL736,Fri,9:00:00,23:00:00
BL736,Sat,8:00:00,0:00:00
BL736,Sun,8:00:00,0:00:00
BL715,Mon,11:00:00,23:00:00
BL715,Tue,11:00:00,23:00:00
BL715,Wed,11:00:00,23:00:00
BL715,Thu,9:00:00,23:00:00
BL715,Fri,9:00:00,23:00:00
BL715,Sat,8:00:00,0:00:00
BL715,Sun,8:00:00,0:00:00
BL062,Mon,11:00:00,23:00:00
BL062,Tue,11:00:00,23:00:00
BL062,Wed,11:00:00,23:00:00
BL062,Thu,9:00:00,23:00:00
BL062,Fri,9:00:00,23:00:00
BL062,Sat,8:00:00,0:00:00
BL062,Sun,8:00:00,0:00:00
BL032,Mon,11:00:00,23:00:00
BL032,Tue,11:00:00,23:00:00
BL032,Wed,11:00:00,23:00:00
BL032,Thu,9:00:00,23:00:00
BL032,Fri,9:00:00,23:00:00
BL032,Sat,8:00:00,0:00:00
BL032,Sun,8:00:00,0:00:00
BL456,Mon,11:00:00,23:00:00
BL456,Tue,11:00:00,23:00:00
BL456,Wed,11:00:00,23:00:00
BL456,Thu,9:00:00,23:00:00
BL456,Fri,9:00:00,23:00:00
BL456,Sat,8:00:00,0:00:00
BL456,Sun,8:00:00,0:00:00
BL338,Mon,11:00:00,23:00:00
BL338,Tue,11:00:00,23:00:00
BL338,Wed,11:00:00,23:00:00
BL338,Thu,9:00:00,23:00:00
BL338,Fri,9:00:00,23:00:00
BL338,Sat,8:00:00,0:00:00
BL338,Sun,8:00:00,0:00:00
BL898,Mon,11:00:00,23:00:00
BL898,Tue,11:00:00,23:00:00
BL898,Wed,11:00:00,23:00:00
BL898,Thu,9:00:00,23:00:00
BL898,Fri,9:00:00,23:00:00
BL898,Sat,8:00:00,0:00:00
BL898,Sun,8:00:00,0:00:00
BL743,Mon,11:00:00,23:00:00
BL743,Tue,11:00:00,23:00:00
BL743,Wed,11:00:00,23:00:00
BL743,Thu,9:00:00,23:00:00
BL743,Fri,9:00:00,23:00:00
BL743,Sat,8:00:00,0:00:00
BL743,Sun,8:00:00,0:00:00
BL194,Mon,11:00:00,23:00:00
BL194,Tue,11:00:00,23:00:00
BL194,Wed,11:00:00,23:00:00
BL194,Thu,9:00:00,23:00:00
BL194,Fri,9:00:00,23:00:00
BL194,Sat,8:00:00,0:00:00
BL194,Sun,8:00:00,0:00:00
BL139,Mon,11:00:00,23:00:00
BL139,Tue,11:00:00,23:00:00
BL139,Wed,11:00:00,23:00:00
BL139,Thu,9:00:00,23:00:00
BL139,Fri,9:00:00,23:00:00
BL139,Sat,8:00:00,0:00:00
BL139,Sun,8:00:00,0:00:00
BL480,Mon,11:00:00,23:00:00
BL480,Tue,11:00:00,23:00:00
BL480,Wed,11:00:00,23:00:00
BL480,Thu,9:00:00,23:00:00
BL480,Fri,9:00:00,23:00:00
BL480,Sat,8:00:00,0:00:00
BL480,Sun,8:00:00,0:00:00
BL930,Mon,11:00:00,23:00:00
BL930,Tue,11:00:00,23:00:00
BL930,Wed,11:00:00,23:00:00
BL930,Thu,9:00:00,23:00:00
BL930,Fri,9:00:00,23:00:00
BL930,Sat,8:00:00,0:00:00
BL930,Sun,8:00:00,0:00:00
BL660,Mon,11:00:00,23:00:00
BL660,Tue,11:00:00,23:00:00
BL660,Wed,11:00:00,23:00:00
BL660,Thu,9:00:00,23:00:00
BL660,Fri,9:00:00,23:00:00
BL660,Sat,8:00:00,0:00:00
BL660,Sun,8:00:00,0:00:00
BL317,Mon,11:00:00,23:00:00
BL317,Tue,11:00:00,23:00:00
BL317,Wed,11:00:00,23:00:00
BL317,Thu,9:00:00,23:00:00
BL317,Fri,9:00:00,23:00:00
BL317,Sat,8:00:00,0:00:00
BL317,Sun,8:00:00,0:00:00
BL285,Mon,11:00:00,23:00:00
BL285,Tue,11:00:00,23:00:00
BL285,Wed,11:00:00,23:00:00
BL285,Thu,9:00:00,23:00:00
BL285,Fri,9:00:00,23:00:00
BL285,Sat,8:00:00,0:00:00
BL285,Sun,8:00:00,0:00:00
BL695,Mon,11:00:00,23:00:00
BL695,Tue,11:00:00,23:00:00
BL695,Wed,11:00:00,23:00:00
BL695,Thu,9:00:00,23:00:00
BL695,Fri,9:00:00,23:00:00
BL695,Sat,8:00:00,0:00:00
BL695,Sun,8:00:00,0:00:00
BL971,Mon,11:00:00,23:00:00
BL971,Tue,11:00:00,23:00:00
BL971,Wed,11:00:00,23:00:00
BL971,Thu,9:00:00,23:00:00
BL971,Fri,9:00:00,23:00:00
BL971,Sat,8:00:00,0:00:00
BL971,Sun,8:00:00,0:00:00
BL553,Mon,11:00:00,23:00:00
BL553,Tue,11:00:00,23:00:00
BL553,Wed,11:00:00,23:00:00
BL553,Thu,9:00:00,23:00:00
BL553,Fri,9:00:00,23:00:00
BL553,Sat,8:00:00,0:00:00
BL553,Sun,8:00:00,0:00:00
BL058,Mon,11:00:00,23:00:00
BL058,Tue,11:00:00,23:00:00
BL058,Wed,11:00:00,23:00:00
BL058,Thu,9:00:00,23:00:00
BL058,Fri,9:00:00,23:00:00
BL058,Sat,8:00:00,0:00:00
BL058,Sun,8:00:00,0:00:00
BL860,Mon,11:00:00,23:00:00
BL860,Tue,11:00:00,23:00:00
BL860,Wed,11:00:00,23:00:00
BL860,Thu,9:00:00,23:00:00
BL860,Fri,9:00:00,23:00:00
BL860,Sat,8:00:00,0:00:00
BL860,Sun,8:00:00,0:00:00
BL118,Mon,11:00:00,23:00:00
BL118,Tue,11:00:00,23:00:00
BL118,Wed,11:00:00,23:00:00
BL118,Thu,9:00:00,23:00:00
BL118,Fri,9:00:00,23:00:00
BL118,Sat,8:00:00,0:00:00
BL118,Sun,8:00:00,0:00:00
BL877,Mon,11:00:00,23:00:00
BL877,Tue,11:00:00,23:00:00
BL877,Wed,11:00:00,23:00:00
BL877,Thu,9:00:00,23:00:00
BL877,Fri,9:00:00,23:00:00
BL877,Sat,8:00:00,0:00:00
BL877,Sun,8:00:00,0:00:00
BL413,Mon,11:00:00,23:00:00
BL413,Tue,11:00:00,23:00:00
BL413,Wed,11:00:00,23:00:00
BL413,Thu,9:00:00,23:00:00
BL413,Fri,9:00:00,23:00:00
BL413,Sat,8:00:00,0:00:00
BL413,Sun,8:00:00,0:00:00
BL091,Mon,11:00:00,23:00:00
BL091,Tue,11:00:00,23:00:00
BL091,Wed,11:00:00,23:00:00
BL091,Thu,9:00:00,23:00:00
BL091,Fri,9:00:00,23:00:00
BL091,Sat,8:00:00,0:00:00
BL091,Sun,8:00:00,0:00:00
BL530,Mon,11:00:00,23:00:00
BL530,Tue,11:00:00,23:00:00
BL530,Wed,11:00:00,23:00:00
BL530,Thu,9:00:00,23:00:00
BL530,Fri,9:00:00,23:00:00
BL530,Sat,8:00:00,0:00:00
BL530,Sun,8:00:00,0:00:00
BL184,Mon,11:00:00,23:00:00
BL184,Tue,11:00:00,23:00:00
BL184,Wed,11:00:00,23:00:00
BL184,Thu,9:00:00,23:00:00
BL184,Fri,9:00:00,23:00:00
BL184,Sat,8:00:00,0:00:00
BL184,Sun,8:00:00,0:00:00
BL545,Mon,11:00:00,23:00:00
BL545,Tue,11:00:00,23:00:00
BL545,Wed,11:00:00,23:00:00
BL545,Thu,9:00:00,23:00:00
BL545,Fri,9:00:00,23:00:00
BL545,Sat,8:00:00,0:00:00
BL545,Sun,8:00:00,0:00:00
BL879,Mon,11:00:00,23:00:00
BL879,Tue,11:00:00,23:00:00
BL879,Wed,11:00:00,23:00:00
BL879,Thu,9:00:00,23:00:00
BL879,Fri,9:00:00,23:00:00
BL879,Sat,8:00:00,0:00:00
BL879,Sun,8:00:00,0:00:00
BL471,Mon,11:00:00,23:00:00
BL471,Tue,11:00:00,23:00:00
BL471,Wed,11:00:00,23:00:00
BL471,Thu,9:00:00,23:00:00
BL471,Fri,9:00:00,23:00:00
BL471,Sat,8:00:00,0:00:00
BL471,Sun,8:00:00,0:00:00
BL616,Mon,11:00:00,23:00:00
BL616,Tue,11:00:00,23:00:00
BL616,Wed,11:00:00,23:00:00
BL616,Thu,9:00:00,23:00:00
BL616,Fri,9:00:00,23:00:00
BL616,Sat,8:00:00,0:00:00
BL616,Sun,8:00:00,0:00:00
BL264,Mon,11:00:00,23:00:00
BL264,Tue,11:00:00,23:00:00
BL264,Wed,11:00:00,23:00:00
BL264,Thu,9:00:00,23:00:00
BL264,Fri,9:00:00,23:00:00
BL264,Sat,8:00:00,0:00:00
BL264,Sun,8:00:00,0:00:00
BL572,Mon,11:00:00,23:00:00
BL572,Tue,11:00:00,23:00:00
BL572,Wed,11:00:00,23:00:00
BL572,Thu,9:00:00,23:00:00
BL572,Fri,9:00:00,23:00:00
BL572,Sat,8:00:00,0:00:00
BL572,Sun,8:00:00,0:00:00
BL361,Mon,11:00:00,23:00:00
BL361,Tue,11:00:00,23:00:00
BL361,Wed,11:00:00,23:00:00
BL361,Thu,9:00:00,23:00:00
BL361,Fri,9:00:00,23:00:00
BL361,Sat,8:00:00,0:00:00
BL361,Sun,8:00:00,0:00:00
BL950,Mon,11:00:00,23:00:00
BL950,Tue,11:00:00,23:00:00
BL950,Wed,11:00:00,23:00:00
BL950,Thu,9:00:00,23:00:00
BL950,Fri,9:00:00,23:00:00
BL950,Sat,8:00:00,0:00:00
BL950,Sun,8:00:00,0:00:00
BL981,Mon,11:00:00,23:00:00
BL981,Tue,11:00:00,23:00:00
BL981,Wed,11:00:00,23:00:00
BL981,Thu,9:00:00,23:00:00
BL981,Fri,9:00:00,23:00:00
BL981,Sat,8:00:00,0:00:00
BL981,Sun,8:00:00,0:00:00
BL258,Mon,11:00:00,23:00:00
BL258,Tue,11:00:00,23:00:00
BL258,Wed,11:00:00,23:00:00
BL258,Thu,9:00:00,23:00:00
BL258,Fri,9:00:00,23:00:00
BL258,Sat,8:00:00,0:00:00
BL258,Sun,8:00:00,0:00:00
BL716,Mon,11:00:00,23:00:00
BL716,Tue,11:00:00,23:00:00
BL716,Wed,11:00:00,23:00:00
BL716,Thu,9:00:00,23:00:00
BL716,Fri,9:00:00,23:00:00
BL716,Sat,8:00:00,0:00:00
BL716,Sun,8:00:00,0:00:00
BL673,Mon,11:00:00,23:00:00
BL673,Tue,11:00:00,23:00:00
BL673,Wed,11:00:00,23:00:00
BL673,Thu,9:00:00,23:00:00
BL673,Fri,9:00:00,23:00:00
BL673,Sat,8:00:00,0:00:00
BL673,Sun,8:00:00,0:00:00
BL758,Mon,11:00:00,23:00:00
BL758,Tue,11:00:00,23:00:00
BL758,Wed,11:00:00,23:00:00
BL758,Thu,9:00:00,23:00:00
BL758,Fri,9:00:00,23:00:00
BL758,Sat,8:00:00,0:00:00
BL758,Sun,8:00:00,0:00:00
BL009,Mon,11:00:00,23:00:00
BL009,Tue,11:00:00,23:00:00
BL009,Wed,11:00:00,23:00:00
BL009,Thu,9:00:00,23:00:00
BL009,Fri,9:00:00,23:00:00
BL009,Sat,8:00:00,0:00:00
BL009,Sun,8:00:00,0:00:00
BL140,Mon,11:00:00,23:00:00
BL140,Tue,11:00:00,23:00:00
BL140,Wed,11:00:00,23:00:00
BL140,Thu,9:00:00,23:00:00
BL140,Fri,9:00:00,23:00:00
BL140,Sat,8:00:00,0:00:00
BL140,Sun,8:00:00,0:00:00
BL076,Mon,11:00:00,23:00:00
BL076,Tue,11:00:00,23:00:00
BL076,Wed,11:00:00,23:00:00
BL076,Thu,9:00:00,23:00:00
BL076,Fri,9:00:00,23:00:00
BL076,Sat,8:00:00,0:00:00
BL076,Sun,8:00:00,0:00:00
BL024,Mon,11:00:00,23:00:00
BL024,Tue,11:00:00,23:00:00
BL024,Wed,11:00:00,23:00:00
BL024,Thu,9:00:00,23:00:00
BL024,Fri,9:00:00,23:00:00
BL024,Sat,8:00:00,0:00:00
BL024,Sun,8:00:00,0:00:00
BL948,Mon,11:00:00,23:00:00
BL948,Tue,11:00:00,23:00:00
BL948,Wed,11:00:00,23:00:00
BL948,Thu,9:00:00,23:00:00
BL948,Fri,9:00:00,23:00:00
BL948,Sat,8:00:00,0:00:00
BL948,Sun,8:00:00,0:00:00
BL020,Mon,11:00:00,23:00:00
BL020,Tue,11:00:00,23:00:00
BL020,Wed,11:00:00,23:00:00
BL020,Thu,9:00:00,23:00:00
BL020,Fri,9:00:00,23:00:00
BL020,Sat,8:00:00,0:00:00
BL020,Sun,8:00:00,0:00:00
BL837,Mon,11:00:00,23:00:00
BL837,Tue,11:00:00,23:00:00
BL837,Wed,11:00:00,23:00:00
BL837,Thu,9:00:00,23:00:00
BL837,Fri,9:00:00,23:00:00
BL837,Sat,8:00:00,0:00:00
BL837,Sun,8:00:00,0:00:00
BL364,Mon,11:00:00,23:00:00
BL364,Tue,11:00:00,23:00:00
BL364,Wed,11:00:00,23:00:00
BL364,Thu,9:00:00,23:00:00
BL364,Fri,9:00:00,23:00:00
BL364,Sat,8:00:00,0:00:00
BL364,Sun,8:00:00,0:00:00
BL864,Mon,11:00:00,23:00:00
BL864,Tue,11:00:00,23:00:00
BL864,Wed,11:00:00,23:00:00
BL864,Thu,9:00:00,23:00:00
BL864,Fri,9:00:00,23:00:00
BL864,Sat,8:00:00,0:00:00
BL864,Sun,8:00:00,0:00:00
BL125,Mon,11:00:00,23:00:00
BL125,Tue,11:00:00,23:00:00
BL125,Wed,11:00:00,23:00:00
BL125,Thu,9:00:00,23:00:00
BL125,Fri,9:00:00,23:00:00
BL125,Sat,8:00:00,0:00:00
BL125,Sun,8:00:00,0:00:00
BL146,Mon,11:00:00,23:00:00
BL146,Tue,11:00:00,23:00:00
BL146,Wed,11:00:00,23:00:00
BL146,Thu,9:00:00,23:00:00
BL146,Fri,9:00:00,23:00:00
BL146,Sat,8:00:00,0:00:00
BL146,Sun,8:00:00,0:00:00
BL947,Mon,11:00:00,23:00:00
BL947,Tue,11:00:00,23:00:00
BL947,Wed,11:00:00,23:00:00
BL947,Thu,9:00:00,23:00:00
BL947,Fri,9:00:00,23:00:00
BL947,Sat,8:00:00,0:00:00
BL947,Sun,8:00:00,0:00:00
BL585,Mon,11:00:00,23:00:00
BL585,Tue,11:00:00,23:00:00
BL585,Wed,11:00:00,23:00:00
BL585,Thu,9:00:00,23:00:00
BL585,Fri,9:00:00,23:00:00
BL585,Sat,8:00:00,0:00:00
BL585,Sun,8:00:00,0:00:00
BL298,Mon,11:00:00,23:00:00
BL298,Tue,11:00:00,23:00:00
BL298,Wed,11:00:00,23:00:00
BL298,Thu,9:00:00,23:00:00
BL298,Fri,9:00:00,23:00:00
BL298,Sat,8:00:00,0:00:00
BL298,Sun,8:00:00,0:00:00
BL370,Mon,11:00:00,23:00:00
BL370,Tue,11:00:00,23:00:00
BL370,Wed,11:00:00,23:00:00
BL370,Thu,9:00:00,23:00:00
BL370,Fri,9:00:00,23:00:00
BL370,Sat,8:00:00,0:00:00
BL370,Sun,8:00:00,0:00:00
BL534,Mon,11:00:00,23:00:00
BL534,Tue,11:00:00,23:00:00
BL534,Wed,11:00:00,23:00:00
BL534,Thu,9:00:00,23:00:00
BL534,Fri,9:00:00,23:00:00
BL534,Sat,8:00:00,0:00:00
BL534,Sun,8:00:00,0:00:00
BL577,Mon,11:00:00,23:00:00
BL577,Tue,11:00:00,23:00:00
BL577,Wed,11:00:00,23:00:00
BL577,Thu,9:00:00,23:00:00
BL577,Fri,9:00:00,23:00:00
BL577,Sat,8:00:00,0:00:00
BL577,Sun,8:00:00,0:00:00
BL389,Mon,11:00:00,23:00:00
BL389,Tue,11:00:00,23:00:00
BL389,Wed,11:00:00,23:00:00
BL389,Thu,9:00:00,23:00:00
BL389,Fri,9:00:00,23:00:00
BL389,Sat,8:00:00,0:00:00
BL389,Sun,8:00:00,0:00:00
BL937,Mon,11:00:00,23:00:00
BL937,Tue,11:00:00,23:00:00
BL937,Wed,11:00:00,23:00:00
BL937,Thu,9:00:00,23:00:00
BL937,Fri,9:00:00,23:00:00
BL937,Sat,8:00:00,0:00:00
BL937,Sun,8:00:00,0:00:00
BL036,Mon,11:00:00,23:00:00
BL036,Tue,11:00:00,23:00:00
BL036,Wed,11:00:00,23:00:00
BL036,Thu,9:00:00,23:00:00
BL036,Fri,9:00:00,23:00:00
BL036,Sat,8:00:00,0:00:00
BL036,Sun,8:00:00,0:00:00
BL665,Mon,11:00:00,23:00:00
BL665,Tue,11:00:00,23:00:00
BL665,Wed,11:00:00,23:00:00
BL665,Thu,9:00:00,23:00:00
BL665,Fri,9:00:00,23:00:00
BL665,Sat,8:00:00,0:00:00
BL665,Sun,8:00:00,0:00:00
BL189,Mon,11:00:00,23:00:00
BL189,Tue,11:00:00,23:00:00
BL189,Wed,11:00:00,23:00:00
BL189,Thu,9:00:00,23:00:00
BL189,Fri,9:00:00,23:00:00
BL189,Sat,8:00:00,0:00:00
BL189,Sun,8:00:00,0:00:00
BL337,Mon,11:00:00,23:00:00
BL337,Tue,11:00:00,23:00:00
BL337,Wed,11:00:00,23:00:00
BL337,Thu,9:00:00,23:00:00
BL337,Fri,9:00:00,23:00:00
BL337,Sat,8:00:00,0:00:00
BL337,Sun,8:00:00,0:00:00
BL660,Mon,11:00:00,23:00:00
BL660,Tue,11:00:00,23:00:00
BL660,Wed,11:00:00,23:00:00
BL660,Thu,9:00:00,23:00:00
BL660,Fri,9:00:00,23:00:00
BL660,Sat,8:00:00,0:00:00
BL660,Sun,8:00:00,0:00:00
BL501,Mon,11:00:00,23:00:00
BL501,Tue,11:00:00,23:00:00
BL501,Wed,11:00:00,23:00:00
BL501,Thu,9:00:00,23:00:00
BL501,Fri,9:00:00,23:00:00
BL501,Sat,8:00:00,0:00:00
BL501,Sun,8:00:00,0:00:00
BL719,Mon,11:00:00,23:00:00
BL719,Tue,11:00:00,23:00:00
BL719,Wed,11:00:00,23:00:00
BL719,Thu,9:00:00,23:00:00
BL719,Fri,9:00:00,23:00:00
BL719,Sat,8:00:00,0:00:00
BL719,Sun,8:00:00,0:00:00
BL862,Mon,11:00:00,23:00:00
BL862,Tue,11:00:00,23:00:00
BL862,Wed,11:00:00,23:00:00
BL862,Thu,9:00:00,23:00:00
BL862,Fri,9:00:00,23:00:00
BL862,Sat,8:00:00,0:00:00
BL862,Sun,8:00:00,0:00:00
BL610,Mon,11:00:00,23:00:00
BL610,Tue,11:00:00,23:00:00
BL610,Wed,11:00:00,23:00:00
BL610,Thu,9:00:00,23:00:00
BL610,Fri,9:00:00,23:00:00
BL610,Sat,8:00:00,0:00:00
BL610,Sun,8:00:00,0:00:00
BL436,Mon,11:00:00,23:00:00
BL436,Tue,11:00:00,23:00:00
BL436,Wed,11:00:00,23:00:00
BL436,Thu,9:00:00,23:00:00
BL436,Fri,9:00:00,23:00:00
BL436,Sat,8:00:00,0:00:00
BL436,Sun,8:00:00,0:00:00
BL076,Mon,11:00:00,23:00:00
BL076,Tue,11:00:00,23:00:00
BL076,Wed,11:00:00,23:00:00
BL076,Thu,9:00:00,23:00:00
BL076,Fri,9:00:00,23:00:00
BL076,Sat,8:00:00,0:00:00
BL076,Sun,8:00:00,0:00:00
BL129,Mon,11:00:00,23:00:00
BL129,Tue,11:00:00,23:00:00
BL129,Wed,11:00:00,23:00:00
BL129,Thu,9:00:00,23:00:00
BL129,Fri,9:00:00,23:00:00
BL129,Sat,8:00:00,0:00:00
BL129,Sun,8:00:00,0:00:00
BL336,Mon,11:00:00,23:00:00
BL336,Tue,11:00:00,23:00:00
BL336,Wed,11:00:00,23:00:00
BL336,Thu,9:00:00,23:00:00
BL336,Fri,9:00:00,23:00:00
BL336,Sat,8:00:00,0:00:00
BL336,Sun,8:00:00,0:00:00
BL924,Mon,11:00:00,23:00:00
BL924,Tue,11:00:00,23:00:00
BL924,Wed,11:00:00,23:00:00
BL924,Thu,9:00:00,23:00:00
BL924,Fri,9:00:00,23:00:00
BL924,Sat,8:00:00,0:00:00
BL924,Sun,8:00:00,0:00:00
BL457,Mon,11:00:00,23:00:00
BL457,Tue,11:00:00,23:00:00
BL457,Wed,11:00:00,23:00:00
BL457,Thu,9:00:00,23:00:00
BL457,Fri,9:00:00,23:00:00
BL457,Sat,8:00:00,0:00:00
BL457,Sun,8:00:00,0:00:00
BL801,Mon,11:00:00,23:00:00
BL801,Tue,11:00:00,23:00:00
BL801,Wed,11:00:00,23:00:00
BL801,Thu,9:00:00,23:00:00
BL801,Fri,9:00:00,23:00:00
BL801,Sat,8:00:00,0:00:00
BL801,Sun,8:00:00,0:00:00
BL111,Mon,11:00:00,23:00:00
BL111,Tue,11:00:00,23:00:00
BL111,Wed,11:00:00,23:00:00
BL111,Thu,9:00:00,23:00:00
BL111,Fri,9:00:00,23:00:00
BL111,Sat,8:00:00,0:00:00
BL111,Sun,8:00:00,0:00:00
BL143,Mon,11:00:00,23:00:00
BL143,Tue,11:00:00,23:00:00
BL143,Wed,11:00:00,23:00:00
BL143,Thu,9:00:00,23:00:00
BL143,Fri,9:00:00,23:00:00
BL143,Sat,8:00:00,0:00:00
BL143,Sun,8:00:00,0:00:00
BL588,Mon,11:00:00,23:00:00
BL588,Tue,11:00:00,23:00:00
BL588,Wed,11:00:00,23:00:00
BL588,Thu,9:00:00,23:00:00
BL588,Fri,9:00:00,23:00:00
BL588,Sat,8:00:00,0:00:00
BL588,Sun,8:00:00,0:00:00
BL126,Mon,11:00:00,23:00:00
BL126,Tue,11:00:00,23:00:00
BL126,Wed,11:00:00,23:00:00
BL126,Thu,9:00:00,23:00:00
BL126,Fri,9:00:00,23:00:00
BL126,Sat,8:00:00,0:00:00
BL126,Sun,8:00:00,0:00:00
BL402,Mon,11:00:00,23:00:00
BL402,Tue,11:00:00,23:00:00
BL402,Wed,11:00:00,23:00:00
BL402,Thu,9:00:00,23:00:00
BL402,Fri,9:00:00,23:00:00
BL402,Sat,8:00:00,0:00:00
BL402,Sun,8:00:00,0:00:00
BL962,Mon,11:00:00,23:00:00
BL962,Tue,11:00:00,23:00:00
BL962,Wed,11:00:00,23:00:00
BL962,Thu,9:00:00,23:00:00
BL962,Fri,9:00:00,23:00:00
BL962,Sat,8:00:00,0:00:00
BL962,Sun,8:00:00,0:00:00
BL597,Mon,11:00:00,23:00:00
BL597,Tue,11:00:00,23:00:00
BL597,Wed,11:00:00,23:00:00
BL597,Thu,9:00:00,23:00:00
BL597,Fri,9:00:00,23:00:00
BL597,Sat,8:00:00,0:00:00
BL597,Sun,8:00:00,0:00:00
BL371,Mon,11:00:00,23:00:00
BL371,Tue,11:00:00,23:00:00
BL371,Wed,11:00:00,23:00:00
BL371,Thu,9:00:00,23:00:00
BL371,Fri,9:00:00,23:00:00
BL371,Sat,8:00:00,0:00:00
BL371,Sun,8:00:00,0:00:00
BL085,Mon,11:00:00,23:00:00
BL085,Tue,11:00:00,23:00:00
BL085,Wed,11:00:00,23:00:00
BL085,Thu,9:00:00,23:00:00
BL085,Fri,9:00:00,23:00:00
BL085,Sat,8:00:00,0:00:00
BL085,Sun,8:00:00,0:00:00
BL781,Mon,11:00:00,23:00:00
BL781,Tue,11:00:00,23:00:00
BL781,Wed,11:00:00,23:00:00
BL781,Thu,9:00:00,23:00:00
BL781,Fri,9:00:00,23:00:00
BL781,Sat,8:00:00,0:00:00
BL781,Sun,8:00:00,0:00:00
BL538,Mon,11:00:00,23:00:00
BL538,Tue,11:00:00,23:00:00
BL538,Wed,11:00:00,23:00:00
BL538,Thu,9:00:00,23:00:00
BL538,Fri,9:00:00,23:00:00
BL538,Sat,8:00:00,0:00:00
BL538,Sun,8:00:00,0:00:00
BL842,Mon,11:00:00,23:00:00
BL842,Tue,11:00:00,23:00:00
BL842,Wed,11:00:00,23:00:00
BL842,Thu,9:00:00,23:00:00
BL842,Fri,9:00:00,23:00:00
BL842,Sat,8:00:00,0:00:00
BL842,Sun,8:00:00,0:00:00
BL534,Mon,11:00:00,23:00:00
BL534,Tue,11:00:00,23:00:00
BL534,Wed,11:00:00,23:00:00
BL534,Thu,9:00:00,23:00:00
BL534,Fri,9:00:00,23:00:00
BL534,Sat,8:00:00,0:00:00
BL534,Sun,8:00:00,0:00:00
BL700,Mon,11:00:00,23:00:00
BL700,Tue,11:00:00,23:00:00
BL700,Wed,11:00:00,23:00:00
BL700,Thu,9:00:00,23:00:00
BL700,Fri,9:00:00,23:00:00
BL700,Sat,8:00:00,0:00:00
BL700,Sun,8:00:00,0:00:00
BL559,Mon,11:00:00,23:00:00
BL559,Tue,11:00:00,23:00:00
BL559,Wed,11:00:00,23:00:00
BL559,Thu,9:00:00,23:00:00
BL559,Fri,9:00:00,23:00:00
BL559,Sat,8:00:00,0:00:00
BL559,Sun,8:00:00,0:00:00
BL359,Mon,11:00:00,23:00:00
BL359,Tue,11:00:00,23:00:00
BL359,Wed,11:00:00,23:00:00
BL359,Thu,9:00:00,23:00:00
BL359,Fri,9:00:00,23:00:00
BL359,Sat,8:00:00,0:00:00
BL359,Sun,8:00:00,0:00:00
BL484,Mon,11:00:00,23:00:00
BL484,Tue,11:00:00,23:00:00
BL484,Wed,11:00:00,23:00:00
BL484,Thu,9:00:00,23:00:00
BL484,Fri,9:00:00,23:00:00
BL484,Sat,8:00:00,0:00:00
BL484,Sun,8:00:00,0:00:00
BL899,Mon,11:00:00,23:00:00
BL899,Tue,11:00:00,23:00:00
BL899,Wed,11:00:00,23:00:00
BL899,Thu,9:00:00,23:00:00
BL899,Fri,9:00:00,23:00:00
BL899,Sat,8:00:00,0:00:00
BL899,Sun,8:00:00,0:00:00
BL928,Mon,11:00:00,23:00:00
BL928,Tue,11:00:00,23:00:00
BL928,Wed,11:00:00,23:00:00
BL928,Thu,9:00:00,23:00:00
BL928,Fri,9:00:00,23:00:00
BL928,Sat,8:00:00,0:00:00
BL928,Sun,8:00:00,0:00:00
BL913,Mon,11:00:00,23:00:00
BL913,Tue,11:00:00,23:00:00
BL913,Wed,11:00:00,23:00:00
BL913,Thu,9:00:00,23:00:00
BL913,Fri,9:00:00,23:00:00
BL913,Sat,8:00:00,0:00:00
BL913,Sun,8:00:00,0:00:00
BL830,Mon,11:00:00,23:00:00
BL830,Tue,11:00:00,23:00:00
BL830,Wed,11:00:00,23:00:00
BL830,Thu,9:00:00,23:00:00
BL830,Fri,9:00:00,23:00:00
BL830,Sat,8:00:00,0:00:00
BL830,Sun,8:00:00,0:00:00
BL615,Mon,11:00:00,23:00:00
BL615,Tue,11:00:00,23:00:00
BL615,Wed,11:00:00,23:00:00
BL615,Thu,9:00:00,23:00:00
BL615,Fri,9:00:00,23:00:00
BL615,Sat,8:00:00,0:00:00
BL615,Sun,8:00:00,0:00:00
BL231,Mon,11:00:00,23:00:00
BL231,Tue,11:00:00,23:00:00
BL231,Wed,11:00:00,23:00:00
BL231,Thu,9:00:00,23:00:00
BL231,Fri,9:00:00,23:00:00
BL231,Sat,8:00:00,0:00:00
BL231,Sun,8:00:00,0:00:00
BL220,Mon,11:00:00,23:00:00
BL220,Tue,11:00:00,23:00:00
BL220,Wed,11:00:00,23:00:00
BL220,Thu,9:00:00,23:00:00
BL220,Fri,9:00:00,23:00:00
BL220,Sat,8:00:00,0:00:00
BL220,Sun,8:00:00,0:00:00
BL758,Mon,11:00:00,23:00:00
BL758,Tue,11:00:00,23:00:00
BL758,Wed,11:00:00,23:00:00
BL758,Thu,9:00:00,23:00:00
BL758,Fri,9:00:00,23:00:00
BL758,Sat,8:00:00,0:00:00
BL758,Sun,8:00:00,0:00:00
BL662,Mon,11:00:00,23:00:00
BL662,Tue,11:00:00,23:00:00
BL662,Wed,11:00:00,23:00:00
BL662,Thu,9:00:00,23:00:00
BL662,Fri,9:00:00,23:00:00
BL662,Sat,8:00:00,0:00:00
BL662,Sun,8:00:00,0:00:00
BL090,Mon,11:00:00,23:00:00
BL090,Tue,11:00:00,23:00:00
BL090,Wed,11:00:00,23:00:00
BL090,Thu,9:00:00,23:00:00
BL090,Fri,9:00:00,23:00:00
BL090,Sat,8:00:00,0:00:00
BL090,Sun,8:00:00,0:00:00
BL324,Mon,11:00:00,23:00:00
BL324,Tue,11:00:00,23:00:00
BL324,Wed,11:00:00,23:00:00
BL324,Thu,9:00:00,23:00:00
BL324,Fri,9:00:00,23:00:00
BL324,Sat,8:00:00,0:00:00
BL324,Sun,8:00:00,0:00:00
BL462,Mon,11:00:00,23:00:00
BL462,Tue,11:00:00,23:00:00
BL462,Wed,11:00:00,23:00:00
BL462,Thu,9:00:00,23:00:00
BL462,Fri,9:00:00,23:00:00
BL462,Sat,8:00:00,0:00:00
BL462,Sun,8:00:00,0:00:00
BL571,Mon,11:00:00,23:00:00
BL571,Tue,11:00:00,23:00:00
BL571,Wed,11:00:00,23:00:00
BL571,Thu,9:00:00,23:00:00
BL571,Fri,9:00:00,23:00:00
BL571,Sat,8:00:00,0:00:00
BL571,Sun,8:00:00,0:00:00
BL827,Mon,11:00:00,23:00:00
BL827,Tue,11:00:00,23:00:00
BL827,Wed,11:00:00,23:00:00
BL827,Thu,9:00:00,23:00:00
BL827,Fri,9:00:00,23:00:00
BL827,Sat,8:00:00,0:00:00
BL827,Sun,8:00:00,0:00:00
BL010,Mon,11:00:00,23:00:00
BL010,Tue,11:00:00,23:00:00
BL010,Wed,11:00:00,23:00:00
BL010,Thu,9:00:00,23:00:00
BL010,Fri,9:00:00,23:00:00
BL010,Sat,8:00:00,0:00:00
BL010,Sun,8:00:00,0:00:00
BL134,Mon,11:00:00,23:00:00
BL134,Tue,11:00:00,23:00:00
BL134,Wed,11:00:00,23:00:00
BL134,Thu,9:00:00,23:00:00
BL134,Fri,9:00:00,23:00:00
BL134,Sat,8:00:00,0:00:00
BL134,Sun,8:00:00,0:00:00
BL631,Mon,11:00:00,23:00:00
BL631,Tue,11:00:00,23:00:00
BL631,Wed,11:00:00,23:00:00
BL631,Thu,9:00:00,23:00:00
BL631,Fri,9:00:00,23:00:00
BL631,Sat,8:00:00,0:00:00
BL631,Sun,8:00:00,0:00:00
BL876,Mon,11:00:00,23:00:00
BL876,Tue,11:00:00,23:00:00
BL876,Wed,11:00:00,23:00:00
BL876,Thu,9:00:00,23:00:00
BL876,Fri,9:00:00,23:00:00
BL876,Sat,8:00:00,0:00:00
BL876,Sun,8:00:00,0:00:00
BL659,Mon,11:00:00,23:00:00
BL659,Tue,11:00:00,23:00:00
BL659,Wed,11:00:00,23:00:00
BL659,Thu,9:00:00,23:00:00
BL659,Fri,9:00:00,23:00:00
BL659,Sat,8:00:00,0:00:00
BL659,Sun,8:00:00,0:00:00
BL542,Mon,11:00:00,23:00:00
BL542,Tue,11:00:00,23:00:00
BL542,Wed,11:00:00,23:00:00
BL542,Thu,9:00:00,23:00:00
BL542,Fri,9:00:00,23:00:00
BL542,Sat,8:00:00,0:00:00
BL542,Sun,8:00:00,0:00:00
BL004,Mon,11:00:00,23:00:00
BL004,Tue,11:00:00,23:00:00
BL004,Wed,11:00:00,23:00:00
BL004,Thu,9:00:00,23:00:00
BL004,Fri,9:00:00,23:00:00
BL004,Sat,8:00:00,0:00:00
BL004,Sun,8:00:00,0:00:00
BL592,Mon,11:00:00,23:00:00
BL592,Tue,11:00:00,23:00:00
BL592,Wed,11:00:00,23:00:00
BL592,Thu,9:00:00,23:00:00
BL592,Fri,9:00:00,23:00:00
BL592,Sat,8:00:00,0:00:00
BL592,Sun,8:00:00,0:00:00
BL453,Mon,11:00:00,23:00:00
BL453,Tue,11:00:00,23:00:00
BL453,Wed,11:00:00,23:00:00
BL453,Thu,9:00:00,23:00:00
BL453,Fri,9:00:00,23:00:00
BL453,Sat,8:00:00,0:00:00
BL453,Sun,8:00:00,0:00:00
BL660,Mon,11:00:00,23:00:00
BL660,Tue,11:00:00,23:00:00
BL660,Wed,11:00:00,23:00:00
BL660,Thu,9:00:00,23:00:00
BL660,Fri,9:00:00,23:00:00
BL660,Sat,8:00:00,0:00:00
BL660,Sun,8:00:00,0:00:00
BL012,Mon,11:00:00,23:00:00
BL012,Tue,11:00:00,23:00:00
BL012,Wed,11:00:00,23:00:00
BL012,Thu,9:00:00,23:00:00
BL012,Fri,9:00:00,23:00:00
BL012,Sat,8:00:00,0:00:00
BL012,Sun,8:00:00,0:00:00
BL438,Mon,11:00:00,23:00:00
BL438,Tue,11:00:00,23:00:00
BL438,Wed,11:00:00,23:00:00
BL438,Thu,9:00:00,23:00:00
BL438,Fri,9:00:00,23:00:00
BL438,Sat,8:00:00,0:00:00
BL438,Sun,8:00:00,0:00:00
BL117,Mon,11:00:00,23:00:00
BL117,Tue,11:00:00,23:00:00
BL117,Wed,11:00:00,23:00:00
BL117,Thu,9:00:00,23:00:00
BL117,Fri,9:00:00,23:00:00
BL117,Sat,8:00:00,0:00:00
BL117,Sun,8:00:00,0:00:00
BL894,Mon,11:00:00,23:00:00
BL894,Tue,11:00:00,23:00:00
BL894,Wed,11:00:00,23:00:00
BL894,Thu,9:00:00,23:00:00
BL894,Fri,9:00:00,23:00:00
BL894,Sat,8:00:00,0:00:00
BL894,Sun,8:00:00,0:00:00
BL087,Mon,11:00:00,23:00:00
BL087,Tue,11:00:00,23:00:00
BL087,Wed,11:00:00,23:00:00
BL087,Thu,9:00:00,23:00:00
BL087,Fri,9:00:00,23:00:00
BL087,Sat,8:00:00,0:00:00
BL087,Sun,8:00:00,0:00:00
BL576,Mon,11:00:00,23:00:00
BL576,Tue,11:00:00,23:00:00
BL576,Wed,11:00:00,23:00:00
BL576,Thu,9:00:00,23:00:00
BL576,Fri,9:00:00,23:00:00
BL576,Sat,8:00:00,0:00:00
BL576,Sun,8:00:00,0:00:00
BL038,Mon,11:00:00,23:00:00
BL038,Tue,11:00:00,23:00:00
BL038,Wed,11:00:00,23:00:00
BL038,Thu,9:00:00,23:00:00
BL038,Fri,9:00:00,23:00:00
BL038,Sat,8:00:00,0:00:00
BL038,Sun,8:00:00,0:00:00
BL316,Mon,11:00:00,23:00:00
BL316,Tue,11:00:00,23:00:00
BL316,Wed,11:00:00,23:00:00
BL316,Thu,9:00:00,23:00:00
BL316,Fri,9:00:00,23:00:00
BL316,Sat,8:00:00,0:00:00
BL316,Sun,8:00:00,0:00:00
BL036,Mon,11:00:00,23:00:00
BL036,Tue,11:00:00,23:00:00
BL036,Wed,11:00:00,23:00:00
BL036,Thu,9:00:00,23:00:00
BL036,Fri,9:00:00,23:00:00
BL036,Sat,8:00:00,0:00:00
BL036,Sun,8:00:00,0:00:00
BL638,Mon,11:00:00,23:00:00
BL638,Tue,11:00:00,23:00:00
BL638,Wed,11:00:00,23:00:00
BL638,Thu,9:00:00,23:00:00
BL638,Fri,9:00:00,23:00:00
BL638,Sat,8:00:00,0:00:00
BL638,Sun,8:00:00,0:00:00
BL296,Mon,11:00:00,23:00:00
BL296,Tue,11:00:00,23:00:00
BL296,Wed,11:00:00,23:00:00
BL296,Thu,9:00:00,23:00:00
BL296,Fri,9:00:00,23:00:00
BL296,Sat,8:00:00,0:00:00
BL296,Sun,8:00:00,0:00:00
BL013,Mon,11:00:00,23:00:00
BL013,Tue,11:00:00,23:00:00
BL013,Wed,11:00:00,23:00:00
BL013,Thu,9:00:00,23:00:00
BL013,Fri,9:00:00,23:00:00
BL013,Sat,8:00:00,0:00:00
BL013,Sun,8:00:00,0:00:00
BL122,Mon,11:00:00,23:00:00
BL122,Tue,11:00:00,23:00:00
BL122,Wed,11:00:00,23:00:00
BL122,Thu,9:00:00,23:00:00
BL122,Fri,9:00:00,23:00:00
BL122,Sat,8:00:00,0:00:00
BL122,Sun,8:00:00,0:00:00
BL167,Mon,11:00:00,23:00:00
BL167,Tue,11:00:00,23:00:00
BL167,Wed,11:00:00,23:00:00
BL167,Thu,9:00:00,23:00:00
BL167,Fri,9:00:00,23:00:00
BL167,Sat,8:00:00,0:00:00
BL167,Sun,8:00:00,0:00:00
BL211,Mon,11:00:00,23:00:00
BL211,Tue,11:00:00,23:00:00
BL211,Wed,11:00:00,23:00:00
BL211,Thu,9:00:00,23:00:00
BL211,Fri,9:00:00,23:00:00
BL211,Sat,8:00:00,0:00:00
BL211,Sun,8:00:00,0:00:00
BL086,Mon,11:00:00,23:00:00
BL086,Tue,11:00:00,23:00:00
BL086,Wed,11:00:00,23:00:00
BL086,Thu,9:00:00,23:00:00
BL086,Fri,9:00:00,23:00:00
BL086,Sat,8:00:00,0:00:00
BL086,Sun,8:00:00,0:00:00
BL000,Mon,11:00:00,23:00:00
BL000,Tue,11:00:00,23:00:00
BL000,Wed,11:00:00,23:00:00
BL000,Thu,9:00:00,23:00:00
BL000,Fri,9:00:00,23:00:00
BL000,Sat,8:00:00,0:00:00
BL000,Sun,8:00:00,0:00:00
BL293,Mon,11:00:00,23:00:00
BL293,Tue,11:00:00,23:00:00
BL293,Wed,11:00:00,23:00:00
BL293,Thu,9:00:00,23:00:00
BL293,Fri,9:00:00,23:00:00
BL293,Sat,8:00:00,0:00:00
BL293,Sun,8:00:00,0:00:00
BL504,Mon,11:00:00,23:00:00
BL504,Tue,11:00:00,23:00:00
BL504,Wed,11:00:00,23:00:00
BL504,Thu,9:00:00,23:00:00
BL504,Fri,9:00:00,23:00:00
BL504,Sat,8:00:00,0:00:00
BL504,Sun,8:00:00,0:00:00
BL231,Mon,11:00:00,23:00:00
BL231,Tue,11:00:00,23:00:00
BL231,Wed,11:00:00,23:00:00
BL231,Thu,9:00:00,23:00:00
BL231,Fri,9:00:00,23:00:00
BL231,Sat,8:00:00,0:00:00
BL231,Sun,8:00:00,0:00:00
BL022,Mon,11:00:00,23:00:00
BL022,Tue,11:00:00,23:00:00
BL022,Wed,11:00:00,23:00:00
BL022,Thu,9:00:00,23:00:00
BL022,Fri,9:00:00,23:00:00
BL022,Sat,8:00:00,0:00:00
BL022,Sun,8:00:00,0:00:00
BL973,Mon,11:00:00,23:00:00
BL973,Tue,11:00:00,23:00:00
BL973,Wed,11:00:00,23:00:00
BL973,Thu,9:00:00,23:00:00
BL973,Fri,9:00:00,23:00:00
BL973,Sat,8:00:00,0:00:00
BL973,Sun,8:00:00,0:00:00
BL320,Mon,11:00:00,23:00:00
BL320,Tue,11:00:00,23:00:00
BL320,Wed,11:00:00,23:00:00
BL320,Thu,9:00:00,23:00:00
BL320,Fri,9:00:00,23:00:00
BL320,Sat,8:00:00,0:00:00
BL320,Sun,8:00:00,0:00:00
BL877,Mon,11:00:00,23:00:00
BL877,Tue,11:00:00,23:00:00
BL877,Wed,11:00:00,23:00:00
BL877,Thu,9:00:00,23:00:00
BL877,Fri,9:00:00,23:00:00
BL877,Sat,8:00:00,0:00:00
BL877,Sun,8:00:00,0:00:00
BL763,Mon,11:00:00,23:00:00
BL763,Tue,11:00:00,23:00:00
BL763,Wed,11:00:00,23:00:00
BL763,Thu,9:00:00,23:00:00
BL763,Fri,9:00:00,23:00:00
BL763,Sat,8:00:00,0:00:00
BL763,Sun,8:00:00,0:00:00
BL134,Mon,11:00:00,23:00:00
BL134,Tue,11:00:00,23:00:00
BL134,Wed,11:00:00,23:00:00
BL134,Thu,9:00:00,23:00:00
BL134,Fri,9:00:00,23:00:00
BL134,Sat,8:00:00,0:00:00
BL134,Sun,8:00:00,0:00:00
BL341,Mon,11:00:00,23:00:00
BL341,Tue,11:00:00,23:00:00
BL341,Wed,11:00:00,23:00:00
BL341,Thu,9:00:00,23:00:00
BL341,Fri,9:00:00,23:00:00
BL341,Sat,8:00:00,0:00:00
BL341,Sun,8:00:00,0:00:00
BL183,Mon,11:00:00,23:00:00
BL183,Tue,11:00:00,23:00:00
BL183,Wed,11:00:00,23:00:00
BL183,Thu,9:00:00,23:00:00
BL183,Fri,9:00:00,23:00:00
BL183,Sat,8:00:00,0:00:00
BL183,Sun,8:00:00,0:00:00
BL104,Mon,11:00:00,23:00:00
BL104,Tue,11:00:00,23:00:00
BL104,Wed,11:00:00,23:00:00
BL104,Thu,9:00:00,23:00:00
BL104,Fri,9:00:00,23:00:00
BL104,Sat,8:00:00,0:00:00
BL104,Sun,8:00:00,0:00:00
BL831,Mon,11:00:00,23:00:00
BL831,Tue,11:00:00,23:00:00
BL831,Wed,11:00:00,23:00:00
BL831,Thu,9:00:00,23:00:00
BL831,Fri,9:00:00,23:00:00
BL831,Sat,8:00:00,0:00:00
BL831,Sun,8:00:00,0:00:00
BL230,Mon,11:00:00,23:00:00
BL230,Tue,11:00:00,23:00:00
BL230,Wed,11:00:00,23:00:00
BL230,Thu,9:00:00,23:00:00
BL230,Fri,9:00:00,23:00:00
BL230,Sat,8:00:00,0:00:00
BL230,Sun,8:00:00,0:00:00
BL322,Mon,11:00:00,23:00:00
BL322,Tue,11:00:00,23:00:00
BL322,Wed,11:00:00,23:00:00
BL322,Thu,9:00:00,23:00:00
BL322,Fri,9:00:00,23:00:00
BL322,Sat,8:00:00,0:00:00
BL322,Sun,8:00:00,0:00:00
BL492,Mon,11:00:00,23:00:00
BL492,Tue,11:00:00,23:00:00
BL492,Wed,11:00:00,23:00:00
BL492,Thu,9:00:00,23:00:00
BL492,Fri,9:00:00,23:00:00
BL492,Sat,8:00:00,0:00:00
BL492,Sun,8:00:00,0:00:00
BL090,Mon,11:00:00,23:00:00
BL090,Tue,11:00:00,23:00:00
BL090,Wed,11:00:00,23:00:00
BL090,Thu,9:00:00,23:00:00
BL090,Fri,9:00:00,23:00:00
BL090,Sat,8:00:00,0:00:00
BL090,Sun,8:00:00,0:00:00