barLicense,customerID
BL438,K26535
BL865,N47661
BL024,W42788
BL038,H26469
BL047,G16713
BL877,G30834
BL091,N98057
BL438,V94140
BL226,Q73937
BL293,Z78928
BL174,S97705
BL332,W48341
BL800,S42797
BL084,M95796
BL084,P70920
BL876,N25847
BL655,H62857
BL852,Z48970
BL113,L45993
BL610,V39051
BL592,Z62790
BL109,E49348
BL036,O93287
BL657,Y84705
BL097,G60233
BL876,N94210
BL576,K61958
BL616,G63285
BL316,I14439
BL337,M65791
BL109,A02055
BL962,P02977
BL114,T27551
BL402,T81207
BL241,F61056
BL941,T27551
BL538,O68341
BL700,F14375
BL484,S13992
BL634,Y16813
BL038,Q90749
BL220,S23089
BL619,H26982
BL137,G93070
BL340,O68341
BL109,Z20784
BL032,W91649
BL534,L72453
BL536,X48748
BL126,B24098
BL971,V75203
BL810,K73877
BL034,N35086
BL780,S66806
BL184,C68626
BL486,I39174
BL661,X37542
BL716,G06687
BL973,K26287
BL745,W39000
BL393,Z65599
BL049,U37850
BL618,V67894
BL264,U31242
BL592,S48558
BL113,D09096
BL941,F39181
BL800,W67694
BL585,L31362
BL288,Q86432
BL971,G57784
BL937,B17908
BL520,G94423
BL486,K52040
BL141,D79241
BL042,O43778
BL665,G56130
BL377,V72192
BL097,K26535
BL597,B28952
BL184,N07383
BL683,O89736
BL158,T08859
BL611,P92275
BL577,I70690
BL655,W42788
BL512,H79982
BL661,C48985
BL864,Q63579
BL000,Z84274
BL924,Y46130
BL583,H72948
BL143,A61852
BL657,I98848
BL374,N76772
BL384,G66948
BL907,O68341
BL695,W49123
BL355,U67120
BL555,N20205
BL564,R88216
BL673,Z46827
BL311,U82293
BL930,N48337
BL763,Q85125
BL034,H59233
BL512,H47577
BL296,X91587
BL758,T51891
BL145,D35456
BL478,B03132
BL973,B08387
BL579,O70915
BL976,E72642
BL460,O57333
BL512,P02378
BL950,Q24902
BL636,T40881
BL770,A08280
BL640,H79443
BL661,M31469
BL229,E13552
BL013,C54496
BL091,O39612
BL280,S62924
BL850,N18362
BL588,N09230
BL119,T73637
BL311,N20205
BL792,J11205
BL862,U33211
BL300,Q99279
BL584,D97504
BL745,Z47822
BL801,A80279
BL111,N98057
BL125,D96205
BL941,P37166
BL652,F02198
BL104,J21799
BL416,Y33100
BL805,P52706
BL545,X55352
BL577,K71768
BL322,E81900
BL302,V62577
BL005,E56231
BL770,J21515
BL914,H93959
BL090,P57907
BL700,D73572
BL763,F38341
BL413,U13198
BL924,M31469
BL937,A03927
BL072,W24168
BL377,P48573
BL860,M28281
BL357,Z89378
BL215,B67631
BL122,V44422
BL878,J87196
BL792,E91074
BL512,D66214
BL951,T55355
BL125,Y24633
BL980,Y83903
BL914,X55403
BL564,H79982
BL338,U30682
BL011,A19912
BL572,P56372
BL618,F66958
BL105,Q92150
BL909,Q24902
BL108,O26706
BL288,W91649
BL842,E08162
BL481,D23825
BL923,null
BL610,A70962
BL364,N98057
BL851,Q02978
BL491,W54848
BL660,J65849
BL057,I17397
BL137,G63779
BL898,O21030
BL665,G16713
BL478,X80727
BL541,E24282
BL577,Q64325
BL486,Q45664
BL713,W97173
BL220,W39000
BL758,P13642
BL480,I53105
BL038,R58673
BL652,J67547
BL014,B78936
BL307,L15535
BL821,X40081
BL736,J14226
BL664,N76772
BL758,G78920
BL767,S75924
BL981,L06819
BL636,H47246
BL611,K13981
BL457,P44922
BL102,D08217
BL619,F66988
BL530,V22359
BL976,W99632
BL597,H49354
BL300,H68183
BL242,Z27955
BL852,K35269
BL876,P54572
BL676,I56543
BL036,R92280
BL921,E67262
BL031,S20653
BL111,T73314
BL359,S62924
BL652,S27331
BL937,Q88639
BL638,G91964
BL767,O47559
BL504,Y62252
BL623,O89736
BL810,O63861
BL558,V64008
BL119,P39638
BL462,S44009
BL226,J44344
BL583,Z41678
BL453,R97950
BL484,A43946
BL229,H91829
BL170,L71898
BL545,V56091
BL930,V67878
BL296,F47115
null,A09837
BL719,O12437
BL402,F93694
BL949,W81188
BL665,Y80748
BL481,D52667
BL164,X62714
BL706,U88711
BL937,E60760
BL848,G01807
BL384,M87786
BL456,J43001
BL874,Q02870
BL928,H74589
BL380,B28665
BL590,B95489
BL874,R11256
BL072,A18451
BL492,W96070
BL810,F68047
BL584,F26390
BL950,R67498
BL492,J37188
BL763,J36618
BL492,V13001
BL576,L15535
BL280,V93394
BL357,H89479
BL821,J55884
BL542,Q41674
BL109,R25232
BL022,L47008
BL406,O68341
BL233,V79328
BL324,F56698
BL657,P06510
BL914,T13711
BL364,I73694
BL899,N27396
BL093,A90423
BL492,T79430
BL914,H34912
BL544,M70695
BL534,J04903
BL320,U09711
BL614,H34851
BL913,H80548
BL661,Y59387
BL014,O96588
BL992,B60050
BL193,W85526
BL371,D20068
BL248,J95807
BL492,V25815
BL545,C36994
BL371,L09030
BL028,H32655
BL316,B63729
BL239,W52232
BL340,Q00541
BL999,K86296
BL914,Z01984
BL526,F12265
BL541,T78343
BL673,X09182
BL086,V20153
BL877,C15267
BL924,A60954
BL022,Y33100
BL538,L62850
BL127,U82293
BL194,J07678
BL306,C50041
BL395,J63013
BL001,Q09505
BL972,I89232
BL937,V44090
BL941,R28824
BL656,M29128
BL062,W91359
BL300,X17183
BL389,O76207
BL341,E67262
BL658,C22981
BL129,Q97230
BL114,M37841
BL689,N19714
BL571,J87196
BL976,Q02978
BL639,P02977
BL129,L67595
BL894,V69810
BL114,F35767
BL928,A18451
BL189,W07167
BL585,O47178
BL695,O80010
BL036,Z88899
BL033,N18362
BL047,J43704
BL941,I08642
BL506,J55575
BL850,S20653
BL639,T36949
BL486,T39052
BL631,L93170
BL057,F66455
BL114,G45951
BL109,Z93268
BL948,L71898
BL728,Z20784
BL336,D27257
BL992,X21383
BL228,V80473
BL982,Y23400
BL571,R28593
BL142,U10304
BL226,X97669
BL109,V30001
BL805,S48103
BL004,P92736
BL797,U25739
BL105,M37841
BL544,V35083
BL583,N18968
BL842,A30672
BL909,B15636
BL137,Q60249
BL395,H94447
BL962,D56490
BL757,Y75060
BL572,E44306
BL134,X83806
BL777,I73674
BL479,T05462
BL593,R55508
BL536,J21515
BL036,D73529
BL941,I57564
BL141,Y41104
BL151,J92568
BL510,T13711
BL183,V84511
BL064,F85068
BL331,T70493
BL588,D93867
BL355,A67953
BL962,W89408
BL719,A10773
BL278,D87505
BL461,X04134
BL937,N67222
BL758,I28426
BL436,M87295
BL655,S74628
BL103,G90758
BL914,I72125
BL783,C68465
BL520,W64047
BL263,L67595
BL140,Q64167
BL139,X18610
BL950,D22848
BL395,W61459
BL492,H98543
BL913,Q60249
BL921,V42785
BL610,K78803
BL230,B43133
BL084,W42788
BL471,N38979
BL520,Q27568
BL136,G94583
BL951,U82170
BL495,M74972
BL109,L14039
BL714,P64792
BL777,X43749
BL675,A12422
BL850,B08634
BL296,L03745
BL668,Q53721
BL715,L31362
BL058,J89587
BL109,T13895
BL898,M46704
BL962,Z55378
BL636,S51169
BL380,S27331
BL999,A57166
BL416,I71478
BL316,K83817
BL158,K82076
BL215,D52667
BL982,B08387
BL777,K61958
BL656,R19141
BL954,E91074
BL837,Y30275
BL118,X17183
BL688,F38004
BL420,V79743
BL763,W45616
BL992,H40479
BL042,F52120
BL484,X05120
BL659,E92063
BL005,C99112
BL733,E92063
BL555,Q33736
BL880,S21109
BL484,B03132
BL531,A55145
BL355,V79112
BL136,I82607
BL134,B17908
BL013,I82607
BL767,N09230
BL841,E83656
BL097,U11664
BL948,M18454
BL486,Y19417
BL950,L93170
BL946,S24945
BL758,Q91111
BL994,F95898
BL070,L54290
BL028,J41629
BL954,C58235
BL698,Z44979
BL226,N86239
BL530,M52889
BL456,F33393
BL572,W49123
BL014,Q57104
BL033,M82354
BL661,I26185
BL657,F45453
BL086,J26788
BL919,H95813
BL337,G05794
BL763,F73896
BL179,K50745
BL506,Q34918
BL848,Y99298
BL092,K73327
BL501,Q61868
BL233,F88303
BL508,O76149
BL980,C22794
BL499,U08913
BL495,C16470
BL576,O78326
BL108,Y35051
BL406,T68260
BL713,V94140
BL941,W03954
BL280,T81876
BL140,P52615
BL227,O72991
BL189,N78685
BL695,K03492
BL758,J74189
BL792,null
BL878,P58968
BL109,U61921
BL179,Z39462
BL954,Y30275
BL895,H89479
BL179,N68388
BL538,M58767
BL949,F70215
BL331,S98527
BL484,X38603
BL652,I28784
BL757,D66214
BL151,F84625
BL479,M33603
BL928,X20236
BL285,B88620
BL064,C09690
BL484,R25344
BL610,K52040
BL231,V34825
BL504,O25410
BL332,R27608
BL991,Q50378
BL485,R88216
BL616,D97504
BL506,G90758
BL949,A63970
BL713,L97841
BL189,H12701
BL486,I11830
BL520,C61041
BL000,Z99583
BL143,M18454
BL806,Z63774
BL320,H89479
BL300,F93694
BL118,B67631
BL084,Q35066
BL611,F28754
BL909,E46183
BL383,Q65089
BL026,J79448
BL481,T99468
BL781,C68465
BL530,V86197
BL661,Z93268
BL461,D73529
BL010,H93959
BL850,P35203
BL097,X79345
BL062,R28592
BL714,I39174
BL471,A49437
BL664,B16976
BL060,H64603
BL510,Y99298
BL673,K33266
BL357,T78060
BL898,L14503
BL215,H98543
BL220,T68260
BL296,P64792
BL526,N07383
BL438,B32396
BL544,W49123
BL475,Q40527
BL114,Z32464
BL856,D22872
BL604,U98370
BL226,U78896
BL322,A19012
BL661,E91014
BL948,S06409
BL316,F71148
BL436,E53450
BL259,R45551
BL924,H90377
BL024,Z82422
BL534,R93280
BL285,G33563
BL664,L55946
BL142,S77523
BL668,E66420
BL640,Y89941
BL034,D53163
BL005,G83843
BL941,V60869
BL036,R92280
BL028,L43858
BL484,K53141
BL355,B99904
BL492,E18256
BL049,O17743
BL877,M81246
BL564,X25440
BL166,Z62472
BL564,X63740
BL285,Y30275
BL631,M95796
BL877,Z62790
BL856,P92525
BL311,R87625
BL103,M55909
BL555,P92736
BL005,J33818
BL913,K35269
BL393,O82684
BL093,I05864
BL001,R74866
BL616,T40216
BL676,C68465
BL047,D66214
BL013,V36768
BL426,C13076
BL992,O43661
BL921,V52000
BL544,Z48970
BL108,F62144
BL183,L67595
BL747,K96149
BL049,L09030
BL226,Y60728
BL878,Q02978
BL576,W13226
BL783,Q52558
BL914,F38341
BL722,U37850
BL657,S51258
BL231,Y99298
BL453,F36874
BL332,F52120
BL189,I89232
BL745,J63013
BL032,X03382
BL597,E25746
BL265,W42337
BL770,C88986
BL837,O50432
BL484,N36787
BL919,S97705
BL231,E00208
BL610,C87344
BL407,R67498
BL038,U11664
BL489,U33283
BL359,Y49406
BL395,T98146
BL894,E76840
BL484,K70540
BL583,Q15064
BL109,T67335
BL383,N80113
BL278,M66755
BL695,C32817
BL230,F53375
BL868,T93043
BL933,U27627
BL395,K35943
BL009,P55173
BL921,B61671
BL174,E15654
BL453,G56130
BL248,J43704
BL102,N04287
BL558,B55289
BL183,K32902
BL111,T39052
BL801,X04472
BL479,P56639
BL837,X01318
BL532,E71337
BL036,X70193
BL076,G41557
BL484,G05794
BL038,V72234
BL930,J41629
BL534,Y57826
BL113,O48936
BL064,V84511
BL941,W85526
BL716,D61923
BL758,E66420
BL716,R25094
BL302,V94140
BL010,L93295
BL194,Z41678
BL227,Q57104
BL646,B09824
BL105,D60649
BL981,O46516
BL126,V46170
BL109,G61487
BL665,N78685
BL285,L63326
BL302,F27000
BL384,P56372
BL907,H66604
BL856,E71337
BL604,I79185
BL492,V80473
BL001,M64800
BL631,S02532
BL933,H31965
BL129,V61131
BL489,F87085
BL597,D93905
BL542,I96066
BL792,H24849
BL306,Z41528
BL331,J65849
BL000,M33206
BL033,S03435
BL501,K90453
BL189,U64671
BL544,M35521
BL226,X03382
BL302,P19866
BL433,W97173
BL728,N32237
BL783,W38305
BL460,S13992
BL924,W11092
BL615,H59233
BL173,A93023
BL698,D52844
BL524,G72014
BL129,T03983
BL770,X04472
BL783,V30001
BL836,Y30275
BL484,V91901
BL982,I70637
BL395,U91590
BL673,O79221
BL544,X63763
BL583,K46267
BL231,G45180
BL302,G15014
BL117,Y89941
BL499,C23240
BL949,O57333
BL758,H60565
BL495,F68047
BL076,Q01626
BL062,U02134
BL091,E67262
BL024,O51053
BL949,L18052
BL767,M13178
BL241,I28426
BL380,U86718
BL506,A73174
BL604,Y63570
BL302,V90477
BL141,U40938
BL311,D96205
BL170,P39888
BL334,K32877
BL655,Y06012
BL122,R62661
BL588,L54290
BL032,U75070
BL941,Y99699
BL334,M71686
BL696,I06465
BL805,O50470
BL438,E84717
BL471,Y62791
BL877,N00298
BL501,F66482
BL293,V22359
BL136,I29738
BL413,Q92150
BL532,E53199
BL444,R40178
BL109,M70695
BL864,F02957
BL194,O31473
BL913,E46183
BL484,C16470
BL230,H93959
BL924,L37037
BL170,G46355
BL382,O61955
BL034,G93490
BL158,G56130
BL770,R81896
BL492,A43633
BL218,O51053
BL559,V55590
BL374,I56693
BL506,X48748
BL850,V62577
BL583,I54125
BL139,O24131
BL865,F39683
BL848,F18722
BL158,A63970
BL655,P70334
BL837,Y64445
BL109,C56697
BL797,S64675
BL259,Z86228
BL810,K73877
BL928,U98663
BL713,A90423
BL051,R58673
BL747,U37820
BL821,J70623
BL805,Q53721
BL719,Y24633
BL036,K97704
BL655,U12847
BL907,H19988
BL538,Y14910
BL228,K31893
BL558,C35819
BL660,U75448
BL719,B88525
BL011,X68154
BL179,N19714
BL583,F53375
BL914,L93891
BL028,N95541
BL091,F38145
BL322,E46183
BL504,N27396
BL084,N20205
BL478,B17908
BL136,Q08950
BL484,L43333
BL615,W05607
BL176,Z16752
BL393,D93775
BL382,K35269
BL328,Y94615
BL092,Q74481
BL229,V75203
BL851,M66439
BL722,T66732
BL733,A55383
BL468,I56543
BL973,O86838
BL001,I62396
BL127,N98057
BL293,Z60609
BL402,Z01970
BL060,T69519
BL725,U25554
BL092,W53715
BL316,L48542
BL553,L08073
BL189,N74202
BL506,W11334
BL618,N76772
BL031,S51643
BL904,E69037
BL752,X20979
BL941,U10304
BL009,R25232
BL009,T93043
BL534,X96213
BL657,K53141
BL577,N46242
BL980,F26857
BL263,L39587
BL176,W42788
BL229,V52962
BL504,D93775
BL837,M06973
BL801,U52113
BL848,K33909
BL189,Z89378
BL194,L21727
BL011,T66009
BL119,O17310
BL093,E53199
BL062,O56108
BL097,E92063
BL981,X77952
BL767,Z63774
BL530,H53286
BL941,A43946
BL520,L31362
BL928,G41366
BL495,A00188
BL665,L90003
BL179,Q74814
BL780,R41859
BL673,D05982
BL456,A10773
BL119,P48573
BL933,M30822
BL183,Q34043
BL472,J55884
BL520,Y62557
BL810,C70893
BL876,P70334
BL576,H93959
BL032,G49725
BL545,K87542
BL834,E89084
BL535,E77351
BL933,I44447
BL933,V73439
BL714,U57124
BL460,V84511
BL821,I77752
BL406,S66806
BL060,U37850
BL780,P81341
BL461,L76782
BL263,H80530
BL285,M74972
BL402,J29980
BL636,N43924
BL914,Y26293
BL810,Y30275
BL660,G18155
BL076,G49725
BL980,A96958
BL480,Q97664
BL622,E25746
BL009,K62664
BL834,F71148
BL631,T82781
BL472,X50349
BL460,X47453
BL492,E18540
BL085,Q27568
BL174,Y62252
BL545,D35216
BL000,E20245
BL504,J22508
BL994,F66988
BL780,U94976
BL941,R64773
BL534,K90453
BL614,P30542
BL545,I01610
BL700,J55575
BL874,A09837
BL877,J16094
BL530,Z15876
BL105,C84008
BL950,I12726
BL904,S98527
BL129,Q30130
BL456,O56412
BL646,U09711
BL189,H00472
BL655,T81207
BL719,K71768
BL085,W67059
BL909,X70193
BL530,I57564
BL109,K02633
BL491,L39587
BL744,V79743
BL713,D27257
BL193,Z60609
BL137,O50201
BL038,R78303
BL534,X76449
BL005,C26703
BL992,J20639
BL611,S12868
BL218,O72991
BL189,I34417
BL393,F69951
BL872,K78803
BL137,Y12988
BL695,T32568
BL716,E58015
BL438,X76770
BL538,T98146
BL109,T13711
BL830,E59431
BL389,Q34125
BL719,T65031
BL114,S21927
BL542,P35203
BL320,H07507
BL638,W53992
BL288,L37037
BL109,F60732
BL460,H98543
BL504,R35396
BL471,L62613
BL772,K53141
BL265,Q09505
BL904,K61958
BL296,M15826
BL357,Y93628
BL444,H78187
BL713,G49725
BL593,X55352
BL919,E60760
BL162,I30072
BL486,I83410
BL296,P02378
BL999,W51293
BL842,E44306
BL688,U67120
BL841,S34752
BL420,A00929
BL577,U37850
BL770,T13836
BL005,T69519
BL036,Q48014
BL860,J43674
BL097,R75097
BL436,U75070
BL862,Y62791
BL899,B61671
BL831,D27257
BL506,J67404
BL280,L28814
BL010,G66948
BL545,Q85397
BL011,B46108
BL460,X83806
BL093,T47662
BL713,S20076
BL981,I68304
BL831,J18939
BL950,J25477
BL134,T32568
BL472,Y70193
BL924,X72910
BL576,C99112
BL032,S64675
BL700,X62714
BL631,Q34918
BL233,Y91647
BL127,N58825
BL783,D08700
BL634,B01399
BL285,S07675
BL504,L70564
BL492,F28754
BL258,B35770
BL057,F18862
BL696,P39790
BL331,O59099
BL453,V61131
BL024,O50201
BL433,J43674
BL328,N13010
BL597,D34327
BL831,K73877
BL696,L44794
BL662,J55575
BL193,B09824
BL662,N04295
BL097,I11830
BL714,E13552
BL545,S62428
BL472,Y47833
BL777,X96213
BL937,Y06012
BL868,W21399
BL076,R41859
BL113,Y00889
BL736,D20068
BL174,Q25111
BL860,V41739
BL062,Q13633
BL043,Z89378
BL631,P13642
BL545,D05982
BL263,F66988
BL614,U91590
BL076,C54496
BL571,K78842
BL683,Y60728
BL862,O96798
BL614,Q34918
BL615,L89316
BL164,T13711
BL057,J44027
BL895,N07302
BL028,A18451
BL113,Q02978
BL457,M58767
BL553,U25739
BL576,R62109
BL631,Z01984
BL660,N25847
BL597,R64630
BL341,Y19417
BL005,F84625
BL322,A52877
BL532,Y54100
BL166,D76964
BL227,G07325
BL264,S21109
BL661,O95744
BL102,Y28534
BL583,W07791
BL047,A93023
BL111,L92231
BL364,U25739
BL229,B63729
BL510,S85961
BL616,B17908
BL012,Z89378
BL058,R78303
BL941,I19119
BL211,A57696
BL999,Q63579
BL481,V93822
BL972,A49437
BL105,L63565
BL456,X03364
BL103,R58673
BL999,R88497
BL058,V61556
BL954,X72910
BL444,N32237
BL005,Q36265
BL842,Z48970
BL584,Y52477
BL618,H94581
BL324,P39638
BL736,I70690
BL480,H95813
BL302,L65371
BL179,J25477
BL361,R73446
BL593,N18590
BL688,S81555
BL226,S21524
BL438,Z52533
BL616,B68893
BL767,M13434
BL876,L93295
BL218,B39058
BL656,P54691
BL545,R96025
BL758,Q32390
BL158,M13814
BL656,P93523
BL893,T70493
BL879,A40751
BL515,I56814
BL948,A00188
BL924,L44485
BL484,L09257
BL183,P21779
BL359,K13979
BL242,R28824
BL972,R62109
BL752,R97950
BL456,C70893
BL658,B34718
BL747,J26788
BL719,B32396
BL361,J79448
BL233,S27331
BL322,M13434
BL865,W81188
BL296,J80160
BL999,A60954
BL898,Y29885
BL765,F15538
BL813,L34313
BL781,T99468
BL941,G39709
BL856,U25739
BL233,A38972
BL994,R11562
BL862,M65791
BL167,W85526
BL545,D60649
BL359,B46108
BL146,N01220
BL038,Q85125
BL646,Z84897
BL700,P42429
BL877,N95675
BL322,J21515
BL338,J35675
BL481,W43153
BL000,A19012
BL504,F63956
BL610,V34825
BL614,W38305
BL331,S07675
BL231,G72014
BL634,H80548
BL909,Z52807
BL393,O58739
BL536,L41053
BL722,Y00889
BL850,V52962
BL472,T92186
BL530,W43153
BL012,P39790
BL456,M06688
BL576,N76772
BL852,P85727
BL665,H93959
BL640,W64465
BL725,A00929
BL028,Y82856
BL576,Q57104
BL700,K64617
BL471,V10619
BL946,F71148
BL332,H00310
BL713,P58968
BL170,A19012
BL665,C56697
BL395,F56698
BL480,G97481
BL675,L73363
BL618,W53715
BL462,Z66022
BL293,V32217
BL057,D72214
BL813,L89316
BL850,X70193
BL880,T67335
BL134,E12642
BL851,U33283
BL781,A89537
BL545,K78842
BL623,Q29436
BL736,D53313
BL878,M02535
BL139,N80113
BL619,I29996
BL904,E00208
BL852,J87339
BL695,E83656
BL126,Z15876
BL660,F66455
BL127,T77698
BL433,Q00541
BL640,R81665
BL950,H00114
BL864,K26287
BL113,J38352
BL183,U33211
BL973,N23313
BL781,G79224
BL457,R25344
BL660,Y62557
BL841,H74589
BL571,N98356
BL004,S36322
BL991,O82684
BL656,K96230
BL468,R73446
BL510,P85956
BL664,L26455
BL264,T13711
BL380,V24147
BL709,Y94615
BL893,X11190
BL553,P93523
BL307,E85433
BL950,H68183
BL481,E96416
BL744,E55906
BL770,R40178
BL460,M96111
BL941,M95796
BL012,S24945
BL631,G83843
BL736,F65512
BL233,H90377
BL097,I21533
BL698,A96958
BL426,Y90326
BL298,G16381
BL706,B08387
BL558,P56066
BL683,A57962
BL914,H84679
BL657,R28739
BL137,W81188
BL851,Q02870
BL189,R47258
BL090,N17608
BL184,W96070
BL535,F18722
BL558,X20236
BL810,U67120
BL484,D26249
BL954,R89972
BL640,Q65720
BL534,J74189
BL332,O35594
BL125,R25344
BL480,D36447
BL288,R02615
BL359,Z60609
BL660,A66197
BL579,Q25937
BL296,H53286
BL084,V72192
BL475,Q66457
BL127,P37166
BL763,B01399
BL485,U54767
BL140,S48558
BL930,Q25111
BL810,I21282
BL211,O29690
BL604,A18451
BL484,V22359
BL948,O51053
BL780,J67404
BL898,S75924
BL831,M24134
BL618,N33106
BL105,Z78928
BL013,L77585
BL999,W52927
BL384,Y75657
BL139,H62368
BL877,B95026
BL421,F14375
BL584,Z52807
BL937,K90453
BL827,D35456
BL791,D73529
BL842,E46042
BL361,X01318
BL877,G15014
BL805,V45551
BL821,Z89378
BL736,G68279
BL638,R28089
BL765,M77881
BL114,Q63579
BL092,G32679
BL930,I01610
BL542,E96416
BL142,A74051
BL646,I79185
BL553,A80454
BL280,Y34108
BL166,S08344
BL231,C71117
BL922,I71478
BL484,S32114
BL383,R59191
BL086,Z14508
BL864,A74051
BL486,O89351
BL189,C62064
BL980,A10773
BL484,Z62472
BL877,T13836
BL930,B95732
BL338,S76231
BL140,L86418
BL758,J71009
BL614,X80727
BL406,I57539
BL174,S51113
BL426,W95357
BL758,M81246
BL660,C68626
BL898,U78896
BL597,I73694
BL145,K79583
BL090,C78819
BL800,E72473
BL716,Q25682
BL293,L14503
BL877,R81896
BL031,F66455
BL034,S48558
BL034,H00716
BL028,N38979
BL541,T03672
BL659,F14375
BL661,K82076
BL631,H58311
BL173,U48604
BL827,D79241
BL492,W67694
BL592,C76725
BL461,P48358
BL619,I72125
BL808,X93463
BL510,Z43305
BL460,G86922
BL545,S66806
BL146,Y34108
BL028,K01876
BL406,T60263
BL013,Z16410
BL506,B23942
BL302,Y30275
BL233,R25344
BL716,X89468
BL233,T01468
BL280,U11215
BL086,A43633
BL862,G93490
BL031,L21058
BL114,G60233
BL328,V73439
BL461,Q34043
BL876,N00298
BL610,H67744
BL810,F09551
BL141,O95744
BL127,N49034
BL658,A43526
BL145,W80145
BL660,D33339
BL982,W34984
BL102,O72991
BL241,V79743
BL285,C13382
BL460,C06915
BL436,T66009
BL571,W67059
BL485,C22794
BL673,E08615
BL038,I39174
BL830,T10751
BL946,M83999
BL899,V63443
BL597,S98527
BL010,V83033
BL834,C68465
BL337,I77752
BL831,N95541
BL111,J67547
BL331,L41053
BL072,U75573
BL141,O58739
BL657,B67186
BL402,Y93628
BL031,U75070
BL660,L62613
BL420,Q47935
BL614,T47662
BL036,H97151
BL001,Z44979
BL719,C64292
BL022,K77399
BL950,F28754
BL616,D28880
BL085,G63285
BL058,P08992
BL994,P24804
BL709,S12104
BL060,G25141
BL597,E81900
BL618,G50683
BL837,T66732
BL076,J91498
BL508,A73174
BL416,G45951
BL479,B35770
BL899,R71200
BL239,R02491
BL361,H97151
BL296,X51639
BL616,I17397
BL941,C67979
BL777,P53206
BL584,A60954
BL640,I44076
BL328,Z01984
BL421,A90423
BL593,Z39704
BL622,T43444
BL636,C09690
BL909,O54735
BL402,T89610
BL577,U33283
BL504,N01220
BL480,W54848
BL999,U72181
BL374,Z39704
BL005,O57413
BL662,Q64167
BL668,O56108
BL921,C22794
BL924,X23323
BL656,O96588
BL489,F88303
BL619,I70637
BL664,O31389
BL228,Z81691
BL698,L93170
BL311,N01220
BL402,S42710
BL963,O12437
BL462,C53235
BL460,P32691
BL538,K01876
BL783,K82076
BL504,M30822
BL357,V79112
BL481,W34984
BL531,N49034
BL894,H61426
BL545,J29980
BL114,T37211
BL011,Q31025
BL831,S21109
BL250,I56693
BL105,O59111
BL941,Z46711
BL481,Z52533
BL406,O72991
BL042,T67335
BL640,B24318
BL472,A55383
BL590,H59233
BL141,W25115
BL658,A74051
BL456,M14072
BL033,Z25021
BL980,S76231
BL946,L86418
BL991,J38352
BL941,Z89378
BL033,U51073
BL162,L53662
BL937,X75525
BL623,D73529
BL004,W41911
BL593,G94423
BL296,A46793
BL322,K66353
BL117,Y14249
BL879,T81876
BL320,T17281
BL695,P42429
BL659,G45951
BL443,W11092
BL698,T21970
BL413,V56091
BL508,H73097
BL288,D78887
BL443,W63575
BL971,Q90749
BL752,U12847
BL716,X20236
BL001,K78803
BL930,G68279
BL105,N80113
BL004,G25141
BL688,N31882
BL792,O25410
BL114,L05459
BL827,K78803
BL976,W91359
BL189,G67561
BL034,I54125
BL049,J55884
BL623,F65512
BL311,T03983
BL758,S74628
BL320,S92020
BL167,A55383
BL878,P35203
BL306,X70193
BL534,N99601
BL324,T66009
BL758,S72884
BL553,R72064
BL583,R99250
BL215,S62428
BL611,D33339
BL657,L41053
BL850,A74051
BL930,E50794
BL736,R21738
BL590,P92275
BL636,S99420
BL189,H19988
BL534,Q37065
BL258,B67631
BL125,W04026
BL322,H45104
BL118,O45108
BL484,I28426
BL141,O39029
BL709,I43660
BL320,O56108
BL504,E66420
BL220,C71117
BL583,L98809
BL745,P48358
BL072,T08718
BL797,G25141
BL696,Q59910
BL665,P53409
BL665,K75880
BL577,Y83727
BL688,D72562
BL572,Q41674
BL991,K41753
BL851,I57539
BL278,E90744
BL982,V41739
BL736,I28644
BL999,K14445
BL047,T88340
BL676,P39790
BL877,S12104
BL097,C61041
BL579,F87085
BL010,K41389
BL296,F93423
BL695,E81900
BL193,F18722
BL999,Q57104
BL049,E71337
BL806,V10072
BL805,Q36415
BL948,U63896
BL043,V56281
BL706,I08021
BL656,J95807
BL545,Q32764
BL229,P92525
BL544,X79345
BL331,L75692
BL688,U98663
BL941,K91928
BL877,F93694
BL506,Z69837
BL950,D78497
BL914,P92525
BL913,O58739
BL524,W08834
BL856,X20236
BL460,Q30633
BL765,A55651
BL280,W19124
BL228,N76870
BL024,Y27225
BL922,K71768
BL097,X37537
BL031,R11562
BL193,G61716
BL012,X77409
BL338,F33225
BL657,G72014
BL976,U01888
BL860,A08057
BL941,M35543
BL914,F57164
BL559,A52601
BL842,U89884
BL646,C35819
BL436,W97173
BL127,T68260
BL515,N04295
BL588,Q13633
BL545,E83656
BL324,D74083
BL086,P92275
BL719,I05864
BL745,K03492
BL293,K35269
BL248,V67894
BL471,F47115
BL158,W67059
BL489,F35404
BL770,X93463
BL137,D78887
BL125,L23661
BL031,H42305
BL384,B35770
BL591,J21515
BL484,S34350
BL436,P02977
BL948,M82354
BL189,U82170
BL086,T64689
BL904,S13992
BL084,H94581
BL655,T05462
BL698,T53712
BL012,W51110
BL758,H72948
BL747,T78343
BL657,D28433
BL588,S92020
BL572,H29329
BL501,E59431
BL336,R28593
BL757,M45170
BL510,X11190
BL438,O50432
BL558,O58739
BL921,K32877
BL592,I28784
BL592,X38603
BL579,Q34918
BL850,H45104
BL501,L65498
BL520,T27551
BL179,M73463
BL298,Q63579
BL233,X26816
BL728,W21399
BL194,T17928
BL614,V52962
BL583,I98105
BL535,W30461
BL827,O79064
BL026,W51293
BL436,J53521
BL781,Z32464
BL821,G06687
BL852,F06039
BL865,O56108
BL545,B72376
BL093,B33044
BL981,C83222
BL999,X44453
BL242,L29636
BL532,E89084
BL924,I33936
BL899,O21030
BL383,P19866
BL946,R02491
BL827,Y46056
BL456,E77351
BL090,C84008
BL588,S88204
BL293,I77752
BL034,F54958
BL700,V00449
BL166,G63347
BL999,A78348
BL359,V44090
BL683,Q56667
BL491,U42885
BL478,X85894
BL108,I74127
BL576,K79583
BL307,Z62472
BL259,G40528
BL486,M70695
BL733,O17743
BL767,C84008
BL371,H87655
BL320,I14439
BL300,G21474
BL380,L18707
BL091,F52120
BL659,V34825
BL656,R28824
BL848,N25847
BL114,F36874
BL524,E60760
BL665,T36949
BL472,J11205
BL413,J60687
BL834,E58015
BL468,A02055
BL508,E85991
BL127,Q14425
BL841,Q65720
BL174,N80113
BL300,M03033
BL322,Y62252
BL716,D36447
BL104,F90916
BL736,S21927
BL719,K27708
BL436,O86838
BL322,N32348
BL000,J84214
BL584,H49309
BL646,C46603
BL184,T27450
BL714,A60954
BL810,F01065
BL140,T65031
BL126,T17281
BL895,C14659
BL087,P15386
BL665,F45453
BL460,T95700
BL597,J16610
BL841,Y91340
BL743,O46821
BL506,V60869
BL193,U61921
BL438,U59129
BL592,T46513
BL407,R62661
BL322,F87085
BL288,R94886
BL660,U33283
BL504,B28952
BL842,G25141
BL508,X15913
BL393,Q85125
BL278,Y47833
BL076,E08162
BL484,F54958
BL062,T03672
BL189,F95898
BL461,O57413
null,F28754
BL877,E72642
BL948,U12847
BL097,J44344
BL070,R21738
BL166,H58311
BL660,Q10844
BL614,R64630
BL371,R28593
BL715,G57784
BL928,Z20784
BL954,K95135
BL524,W54848
BL406,U98370
BL393,T61000
BL638,V67894
BL179,D08217
BL103,F18722
BL024,H94581
BL047,Y99298
BL402,E64254
BL719,R81896
BL471,N07383
BL036,X75525
BL856,D68824
BL189,W52232
BL950,Z42066
BL495,O48936
BL380,R03524
BL914,N32348
BL024,O56852
BL145,W85610
BL636,N14568
BL359,X68154
BL499,Z41803
BL696,J44027
BL658,I34417
BL797,M31469
BL456,J95807
BL479,Z01970
BL972,F68047
BL393,R38026
BL484,L44794
BL013,K53141
BL928,O31389
BL495,W22814
BL444,Y34108
BL688,D53163
BL374,U67120
BL510,R72064
BL062,H90798
BL026,H98543
BL051,E18124
BL413,E89084
BL639,X11190
BL576,F33393
BL300,B61671
BL179,R33232
BL576,M20809
BL250,N23313
BL119,N29485
BL592,Y62252
BL504,Q54567
BL622,Y83727
BL170,Q33736
BL813,R23615
BL994,S81555
BL660,K75880
BL688,Y70816
BL064,Z42066
BL930,B41287
BL461,D40720
BL558,A32287
BL544,I99796
BL963,K96149
BL036,Q00442
BL558,F66958
BL331,P52615
BL189,G01807
BL655,A80279
BL406,T10751
BL176,R35592
BL830,B24318
BL416,A57696
BL293,X62714
BL324,F28754
BL972,M13814
BL508,N42518
BL800,F86135
BL296,I44447
BL579,N86239
BL495,S76231
BL491,Z65599
BL145,L23661
BL145,N94133
BL010,F84625
BL736,I10332
BL097,D35456
BL937,V44422
BL485,X63763
BL076,V24147
BL457,X76770
BL085,R94886
BL145,I56693
BL665,Z70101
BL049,M13178
BL357,L82519
BL713,M66439
BL657,E55906
BL555,W39000
BL386,I82607
BL954,O35926
BL725,F57164
BL706,C78819
BL913,F66988
BL479,P44922
BL145,M88017
BL146,E03190
BL675,S49406
BL233,X45725
BL577,A11259
BL913,Y75657
BL541,P24804
BL226,P88399
BL495,O64417
BL510,Z86228
BL810,X48445
BL122,K44683
BL696,X37542
BL218,J07395
BL800,A38145
BL105,M74575
BL572,Q97230
BL924,Q97230
BL229,E46183
BL658,M33603
BL530,G30834
BL950,O46516
BL341,V72192
BL709,N88605
BL331,Z24450
BL610,U61921
BL914,O68744
BL258,O51053
BL652,P02378
BL588,Z84897
BL013,F11324
BL460,O17743
BL696,C38562
BL043,P26785
BL338,J68447
BL218,M39183
BL801,Z43305
BL091,V10072
BL874,J43001
BL293,J87339
BL745,P35203
BL981,U52113
BL922,I11830
BL593,N75530
BL821,X11190
BL433,H78187
BL332,M39789
BL665,P11783
BL264,Q24902
BL591,F89838
BL137,R89972
BL619,B95026
BL331,I70637
BL122,Y39058
BL320,F66988
BL380,I08021
BL579,U94976
BL189,P33573
BL413,C13076
BL461,T32568
BL307,U09711
BL914,K03492
BL709,M18454
BL057,B77621
BL963,K01876
BL713,Z24450
BL914,P30542
BL895,W53715
BL233,Q32390
BL810,X93463
BL183,R35561
BL005,D36634
BL636,T89610
BL032,N95541
BL842,B73342
BL698,L31362
BL242,G86922
BL722,O35594
BL328,P99195
BL228,C75855
BL745,S27331
BL230,U78896
BL877,Y20815
BL184,N79830
BL963,N13010
BL151,C70893
BL047,T47265
BL659,F63956
BL937,I85672
BL791,A13377
BL012,R08587
BL696,R11256
BL167,Q73937
BL640,R57935
BL758,R87625
BL146,I08021
BL296,Z48669
BL638,S08352
BL937,R64773
BL619,A74051
BL763,I57539
BL777,Q44011
BL076,P52706
BL676,X26816
BL921,X63550
BL899,R92280
BL164,T64223
BL338,C99112
BL258,J87150
BL194,G28620
BL005,A19012
BL689,A80279
BL683,F70545
BL506,A64241
BL770,Z40690
BL300,T95700
BL064,Q93290
BL218,V20153
BL022,W81188
BL070,U89884
BL371,G91964
BL478,Q02978
BL736,P67489
BL676,R96208
BL374,L05459
BL338,I91403
BL688,R88216
BL706,H13273
BL383,F87085
BL797,T82900
BL307,I90741
BL801,K46372
BL743,P82086
BL444,V52000
BL852,S06409
BL615,S25834
BL241,Z84274
BL544,P13642
BL183,X82332
BL114,S97705
BL558,R28824
BL640,K70540
BL801,D61923
BL211,O50470
BL486,D09989
BL215,W46002
BL571,A60954
BL946,C98392
BL991,Q73937
BL471,J79448
BL524,L39587
BL374,L83178
BL658,H60565
BL242,J01594
BL535,N95675
BL623,U96905
BL076,N00997
BL923,T47662
BL805,D09989
BL719,F90916
BL810,Y74618
BL545,Q56667
BL921,S20653
BL656,O56108
BL461,I21282
BL898,G88124
BL842,E85991
BL060,W21399
BL102,V36768
BL512,Y93671
BL005,U75573
BL877,P53409
BL709,U99802
BL042,L08073
BL524,N38941
BL555,N94133
BL656,L83178
BL660,G41557
BL085,H10857
BL296,W39000
BL715,T56918
BL877,C06915
BL357,I71444
BL173,M58767
BL813,S42797
BL661,W89408
BL125,E88244
BL486,J67404
BL460,D26249
BL426,Y14249
BL049,N98057
BL508,U09711
BL719,C84531
BL850,U11664
BL134,Z54045
BL827,I08021
BL134,X08747
BL810,L15535
BL024,T03221
BL665,Y37381
BL489,W89408
BL228,J62662
BL125,Q76582
BL026,Z86228
BL406,H68183
BL558,Z51100
BL544,B95026
BL127,K77399
BL296,T13711
BL535,E67262
BL433,Z81691
BL576,R75097
BL395,U69871
BL108,G79224
BL105,E77279
BL402,N95541
BL456,K96149
BL850,C51907
BL471,Q63579
BL914,Q45664
BL512,T60263
BL660,T22301
BL725,V74312
BL179,K73327
BL745,F29530
BL963,Z20784
BL486,Z65834
BL536,M74972
BL043,A13226
BL389,G16713
BL359,P39638
BL831,W21399
BL453,G95399
BL338,F28754
BL038,U10304
BL479,E39274
BL792,A80454
BL146,G32679
BL004,P52706
BL583,G39709
BL713,R93828
BL662,X38389
BL070,K52040
BL143,E49348
BL125,R81665
BL614,M52889
BL004,L65498
BL060,G86922
BL109,W49123
BL615,R81896
BL623,B40367
BL506,N20205
BL491,O67480
BL433,R95643
BL302,C26036
BL559,M28610
BL592,T64689
BL416,C05050
BL076,E66420
BL189,L26598
BL407,T95700
BL689,A00475
BL444,D52667
BL615,O82684
BL302,R57935
BL696,Y35051
BL337,Q07582
BL655,J41899
BL332,A23749
BL615,F93423
BL377,U10304
BL117,K44683
BL588,Y29885
BL471,O82684
BL285,E34411
BL696,A32287
BL374,P41987
BL151,V83033
BL792,N93126
BL576,L14503
BL011,Y52477
BL914,V86060
BL142,C35819
BL433,Q34218
BL229,A15098
BL183,F35404
BL852,L23141
BL142,P54572
BL553,P24107
BL086,M84678
BL848,S51643
BL698,C32182
BL808,W99632
BL300,K88540
BL709,B09824
BL719,G53447
BL384,C33197
BL296,V09779
BL662,S85961
BL010,T03672
BL122,T98146
BL973,N76870
BL665,V60869
BL334,Y39058
BL032,O50470
BL189,M14072
BL526,G93490
BL406,F53657
BL118,P56372
BL781,T17928
BL504,S77523
BL719,C62064
BL166,B39058
BL914,M87295
BL028,B32396
BL515,H62368
BL114,C02423
BL242,Q85125
BL994,F84625
BL619,N95675
BL103,D97504
BL395,Z72831
BL248,L65498
BL719,N18362
BL664,C98392
BL780,C54496
BL364,E46183
BL765,W42788
BL443,S62428
BL010,Y84011
BL334,Q59910
BL930,Q85125
BL032,G87257
BL134,Z62238
BL571,N78685
BL386,Q51500
BL162,H59233
BL841,S08352
BL395,L61385
BL170,A23749
BL948,T81876
BL248,G33796
BL576,J70904
BL722,A03927
BL036,A66197
BL865,M95796
BL982,Q49860
BL972,D78887
BL142,N20205
BL183,R73893
BL542,G66948
BL744,O12437
BL950,G16381
BL176,B35583
BL173,Z55378
BL695,O50432
BL499,L65371
BL813,U59129
BL113,V41739
BL524,W34984
BL280,N58825
BL676,Z65834
BL076,P39790
BL515,E69037
BL087,F01065
BL461,A64241
BL758,V10072
BL484,Y70408
BL036,K13979
BL806,Q88639
BL937,I34417
BL034,A09837
BL076,D68824
BL520,J89587
BL382,A09837
BL665,M35543
BL733,I26185
BL051,K73494
BL709,I11830
BL545,Z48970
BL020,E92063
BL042,N01260
BL090,U54767
BL167,J34008
BL842,D98982
BL194,N04295
BL118,Q76582
BL535,A55383
BL506,I91403
BL745,J07395
BL655,Q97230
BL999,W24168
BL102,L26455
BL538,I89987
BL836,I97614
BL338,Q76582
BL114,V61556
BL976,X56094
BL504,J57364
BL092,Y89941
BL103,F45555
BL127,S12868
BL638,I99796
BL924,I08642
BL571,M30822
BL946,A60954
BL695,D86358
BL293,S48103
BL652,V86197
BL544,J57364
BL695,S81555
BL034,I29738
BL139,B35770
BL572,U48604
BL230,C32817
BL167,M68643
BL792,E77279
BL536,I66906
BL544,J37188
BL928,V00449
BL865,Q86432
BL093,O29690
BL472,B77461
BL878,W41028
BL874,U42883
BL604,V67878
BL792,B00239
BL043,Y93628
BL413,J63013
BL020,V00449
BL058,W42788
BL241,H58311
BL215,J68447
BL590,J53521
BL485,B65432
BL947,S48558
BL453,D09096
BL576,Z78928
BL108,C51982
BL553,J71009
BL515,K73327
BL359,W97173
BL443,B77461
BL856,V10072
BL876,Y82338
BL777,Z57490
BL032,X51639
BL534,S21109
BL941,N38979
BL047,I53105
BL355,W80145
BL307,R48605
BL000,D36634
BL719,R02615
BL264,J07678
BL534,W42788
BL534,F70545
BL879,U23368
BL665,B15461
BL438,Z89378
BL584,C61041
BL393,K67867
BL668,Y54591
BL481,G94536
BL664,T15990
BL813,J35675
BL194,V63891
BL618,X29780
BL317,G31564
BL876,K83817
BL129,Q37065
BL108,Q53721
BL331,O56108
BL184,Z46711
BL616,T66732
BL250,U09240
BL576,K21583
BL576,S27616
BL689,M13434
BL655,Q76582
BL765,R78303
BL924,N10732
BL836,R49342
BL288,Q64167
BL189,V62577
BL194,H66604
BL485,A46793
BL506,P84731
BL322,U74289
BL665,N72192
BL618,Y59387
BL332,C24060
BL453,K64617
BL658,Y41104
BL638,O26706
BL558,N98356
BL043,X85894
BL913,K53141
BL661,X08747
BL636,P04315
BL070,G94880
BL122,Q83014
BL468,P52615
BL922,Z72355
BL022,G31564
BL456,E69037
BL535,X03364
BL534,X62714
BL146,H80068
BL665,X20258
BL783,G93490
BL660,G35452
BL610,Z48970
BL109,Z43305
BL492,N26302
BL097,I62396
BL211,X82398
BL231,R93280
BL941,Q46736
BL747,O22390
BL322,G84295
BL531,T87969
BL114,V34825
BL114,S15517
BL504,J25852
BL555,E18124
BL122,D99744
BL386,K14445
BL576,D51845
BL108,W13988
BL950,O39641
BL009,X23323
BL618,N00997
BL471,G30834
BL877,Z88899
BL338,U57124
BL659,E44306
BL022,D07514
BL640,Y26293
BL047,Z01970
BL395,R88216
BL615,O50470
BL479,P81341
BL296,A46793
BL012,M03033
BL930,L93390
BL265,H10857
BL538,L63326
BL973,R71200
BL033,D36447
BL834,V24147
BL893,B01399
BL538,W42337
BL355,A42325
BL661,P52615
BL026,D74414
BL604,I08642
BL109,N72192
BL921,Z17700
BL622,C79702
BL416,W54848
BL109,G05794
BL484,Q76582
